trajectory_id,step,x_position,y_position,is_terminal,action_taken,step_reward,final_reward,trajectory_length
1,1,1,1,false,MoveUp,0.0,2.0,10
1,2,1,2,false,MoveUp,0.0,2.0,10
1,3,1,3,false,MoveUp,0.0,2.0,10
1,4,1,4,false,MoveUp,0.0,2.0,10
1,5,1,5,false,MoveRight,0.0,2.0,10
1,6,2,5,false,MoveDown,0.0,2.0,10
1,7,2,4,false,MoveUp,0.0,2.0,10
1,8,2,5,false,MoveRight,0.0,2.0,10
1,9,3,5,false,MoveRight,0.0,2.0,10
1,10,4,5,false,Terminate,0.0,2.0,10
1,11,4,5,true,TERMINAL,2.0,2.0,10
2,1,1,1,false,MoveUp,0.0,50.0,13
2,2,1,2,false,MoveUp,0.0,50.0,13
2,3,1,3,false,MoveUp,0.0,50.0,13
2,4,1,4,false,MoveUp,0.0,50.0,13
2,5,1,5,false,MoveRight,0.0,50.0,13
2,6,2,5,false,MoveRight,0.0,50.0,13
2,7,3,5,false,MoveRight,0.0,50.0,13
2,8,4,5,false,MoveDown,0.0,50.0,13
2,9,4,4,false,MoveLeft,0.0,50.0,13
2,10,3,4,false,MoveUp,0.0,50.0,13
2,11,3,5,false,MoveRight,0.0,50.0,13
2,12,4,5,false,MoveRight,0.0,50.0,13
2,13,5,5,false,Terminate,0.0,50.0,13
2,14,5,5,true,TERMINAL,50.0,50.0,13
3,1,1,1,false,MoveUp,0.0,2.0,26
3,2,1,2,false,MoveUp,0.0,2.0,26
3,3,1,3,false,MoveUp,0.0,2.0,26
3,4,1,4,false,MoveUp,0.0,2.0,26
3,5,1,5,false,MoveRight,0.0,2.0,26
3,6,2,5,false,MoveRight,0.0,2.0,26
3,7,3,5,false,MoveDown,0.0,2.0,26
3,8,3,4,false,MoveDown,0.0,2.0,26
3,9,3,3,false,MoveRight,0.0,2.0,26
3,10,4,3,false,MoveUp,0.0,2.0,26
3,11,4,4,false,MoveUp,0.0,2.0,26
3,12,4,5,false,MoveRight,0.0,2.0,26
3,13,5,5,false,MoveDown,0.0,2.0,26
3,14,5,4,false,MoveDown,0.0,2.0,26
3,15,5,3,false,MoveDown,0.0,2.0,26
3,16,5,2,false,MoveDown,0.0,2.0,26
3,17,5,1,false,MoveLeft,0.0,2.0,26
3,18,4,1,false,MoveUp,0.0,2.0,26
3,19,4,2,false,MoveUp,0.0,2.0,26
3,20,4,3,false,MoveUp,0.0,2.0,26
3,21,4,4,false,MoveDown,0.0,2.0,26
3,22,4,3,false,MoveUp,0.0,2.0,26
3,23,4,4,false,MoveUp,0.0,2.0,26
3,24,4,5,false,MoveRight,0.0,2.0,26
3,25,5,5,false,MoveDown,0.0,2.0,26
3,26,5,4,false,Terminate,0.0,2.0,26
3,27,5,4,true,TERMINAL,2.0,2.0,26
4,1,1,1,false,MoveUp,0.0,2.0,28
4,2,1,2,false,MoveUp,0.0,2.0,28
4,3,1,3,false,MoveUp,0.0,2.0,28
4,4,1,4,false,MoveUp,0.0,2.0,28
4,5,1,5,false,MoveRight,0.0,2.0,28
4,6,2,5,false,MoveRight,0.0,2.0,28
4,7,3,5,false,MoveDown,0.0,2.0,28
4,8,3,4,false,MoveDown,0.0,2.0,28
4,9,3,3,false,MoveDown,0.0,2.0,28
4,10,3,2,false,MoveUp,0.0,2.0,28
4,11,3,3,false,MoveUp,0.0,2.0,28
4,12,3,4,false,MoveLeft,0.0,2.0,28
4,13,2,4,false,MoveDown,0.0,2.0,28
4,14,2,3,false,MoveDown,0.0,2.0,28
4,15,2,2,false,MoveDown,0.0,2.0,28
4,16,2,1,false,MoveRight,0.0,2.0,28
4,17,3,1,false,MoveRight,0.0,2.0,28
4,18,4,1,false,MoveUp,0.0,2.0,28
4,19,4,2,false,MoveUp,0.0,2.0,28
4,20,4,3,false,MoveUp,0.0,2.0,28
4,21,4,4,false,MoveUp,0.0,2.0,28
4,22,4,5,false,MoveRight,0.0,2.0,28
4,23,5,5,false,MoveDown,0.0,2.0,28
4,24,5,4,false,MoveDown,0.0,2.0,28
4,25,5,3,false,MoveDown,0.0,2.0,28
4,26,5,2,false,MoveLeft,0.0,2.0,28
4,27,4,2,false,MoveDown,0.0,2.0,28
4,28,4,1,false,Terminate,0.0,2.0,28
4,29,4,1,true,TERMINAL,2.0,2.0,28
5,1,1,1,false,MoveUp,0.0,30.0,9
5,2,1,2,false,MoveUp,0.0,30.0,9
5,3,1,3,false,MoveUp,0.0,30.0,9
5,4,1,4,false,MoveUp,0.0,30.0,9
5,5,1,5,false,MoveRight,0.0,30.0,9
5,6,2,5,false,MoveRight,0.0,30.0,9
5,7,3,5,false,MoveDown,0.0,30.0,9
5,8,3,4,false,MoveDown,0.0,30.0,9
5,9,3,3,false,Terminate,0.0,30.0,9
5,10,3,3,true,TERMINAL,30.0,30.0,9
6,1,1,1,false,MoveUp,0.0,2.0,21
6,2,1,2,false,MoveUp,0.0,2.0,21
6,3,1,3,false,MoveUp,0.0,2.0,21
6,4,1,4,false,MoveUp,0.0,2.0,21
6,5,1,5,false,MoveRight,0.0,2.0,21
6,6,2,5,false,MoveDown,0.0,2.0,21
6,7,2,4,false,MoveDown,0.0,2.0,21
6,8,2,3,false,MoveDown,0.0,2.0,21
6,9,2,2,false,MoveDown,0.0,2.0,21
6,10,2,1,false,MoveRight,0.0,2.0,21
6,11,3,1,false,MoveUp,0.0,2.0,21
6,12,3,2,false,MoveUp,0.0,2.0,21
6,13,3,3,false,MoveUp,0.0,2.0,21
6,14,3,4,false,MoveUp,0.0,2.0,21
6,15,3,5,false,MoveRight,0.0,2.0,21
6,16,4,5,false,MoveDown,0.0,2.0,21
6,17,4,4,false,MoveUp,0.0,2.0,21
6,18,4,5,false,MoveRight,0.0,2.0,21
6,19,5,5,false,MoveDown,0.0,2.0,21
6,20,5,4,false,MoveDown,0.0,2.0,21
6,21,5,3,false,Terminate,0.0,2.0,21
6,22,5,3,true,TERMINAL,2.0,2.0,21
7,1,1,1,false,MoveUp,0.0,50.0,17
7,2,1,2,false,MoveUp,0.0,50.0,17
7,3,1,3,false,MoveUp,0.0,50.0,17
7,4,1,4,false,MoveUp,0.0,50.0,17
7,5,1,5,false,MoveDown,0.0,50.0,17
7,6,1,4,false,MoveRight,0.0,50.0,17
7,7,2,4,false,MoveUp,0.0,50.0,17
7,8,2,5,false,MoveRight,0.0,50.0,17
7,9,3,5,false,MoveDown,0.0,50.0,17
7,10,3,4,false,MoveUp,0.0,50.0,17
7,11,3,5,false,MoveRight,0.0,50.0,17
7,12,4,5,false,MoveDown,0.0,50.0,17
7,13,4,4,false,MoveDown,0.0,50.0,17
7,14,4,3,false,MoveRight,0.0,50.0,17
7,15,5,3,false,MoveUp,0.0,50.0,17
7,16,5,4,false,MoveUp,0.0,50.0,17
7,17,5,5,false,Terminate,0.0,50.0,17
7,18,5,5,true,TERMINAL,50.0,50.0,17
8,1,1,1,false,MoveUp,0.0,2.0,22
8,2,1,2,false,MoveUp,0.0,2.0,22
8,3,1,3,false,MoveUp,0.0,2.0,22
8,4,1,4,false,MoveUp,0.0,2.0,22
8,5,1,5,false,MoveRight,0.0,2.0,22
8,6,2,5,false,MoveRight,0.0,2.0,22
8,7,3,5,false,MoveDown,0.0,2.0,22
8,8,3,4,false,MoveUp,0.0,2.0,22
8,9,3,5,false,MoveRight,0.0,2.0,22
8,10,4,5,false,MoveDown,0.0,2.0,22
8,11,4,4,false,MoveUp,0.0,2.0,22
8,12,4,5,false,MoveRight,0.0,2.0,22
8,13,5,5,false,MoveDown,0.0,2.0,22
8,14,5,4,false,MoveUp,0.0,2.0,22
8,15,5,5,false,MoveDown,0.0,2.0,22
8,16,5,4,false,MoveUp,0.0,2.0,22
8,17,5,5,false,MoveDown,0.0,2.0,22
8,18,5,4,false,MoveDown,0.0,2.0,22
8,19,5,3,false,MoveDown,0.0,2.0,22
8,20,5,2,false,MoveDown,0.0,2.0,22
8,21,5,1,false,MoveUp,0.0,2.0,22
8,22,5,2,false,Terminate,0.0,2.0,22
8,23,5,2,true,TERMINAL,2.0,2.0,22
9,1,1,1,false,MoveUp,0.0,50.0,15
9,2,1,2,false,MoveUp,0.0,50.0,15
9,3,1,3,false,MoveUp,0.0,50.0,15
9,4,1,4,false,MoveUp,0.0,50.0,15
9,5,1,5,false,MoveRight,0.0,50.0,15
9,6,2,5,false,MoveRight,0.0,50.0,15
9,7,3,5,false,MoveDown,0.0,50.0,15
9,8,3,4,false,MoveDown,0.0,50.0,15
9,9,3,3,false,MoveRight,0.0,50.0,15
9,10,4,3,false,MoveUp,0.0,50.0,15
9,11,4,4,false,MoveUp,0.0,50.0,15
9,12,4,5,false,MoveDown,0.0,50.0,15
9,13,4,4,false,MoveRight,0.0,50.0,15
9,14,5,4,false,MoveUp,0.0,50.0,15
9,15,5,5,false,Terminate,0.0,50.0,15
9,16,5,5,true,TERMINAL,50.0,50.0,15
10,1,1,1,false,MoveUp,0.0,2.0,6
10,2,1,2,false,MoveUp,0.0,2.0,6
10,3,1,3,false,MoveUp,0.0,2.0,6
10,4,1,4,false,MoveUp,0.0,2.0,6
10,5,1,5,false,MoveRight,0.0,2.0,6
10,6,2,5,false,Terminate,0.0,2.0,6
10,7,2,5,true,TERMINAL,2.0,2.0,6
11,1,1,1,false,MoveUp,0.0,2.0,26
11,2,1,2,false,MoveUp,0.0,2.0,26
11,3,1,3,false,MoveUp,0.0,2.0,26
11,4,1,4,false,MoveUp,0.0,2.0,26
11,5,1,5,false,MoveRight,0.0,2.0,26
11,6,2,5,false,MoveDown,0.0,2.0,26
11,7,2,4,false,MoveDown,0.0,2.0,26
11,8,2,3,false,MoveDown,0.0,2.0,26
11,9,2,2,false,MoveDown,0.0,2.0,26
11,10,2,1,false,MoveRight,0.0,2.0,26
11,11,3,1,false,MoveUp,0.0,2.0,26
11,12,3,2,false,MoveUp,0.0,2.0,26
11,13,3,3,false,MoveUp,0.0,2.0,26
11,14,3,4,false,MoveUp,0.0,2.0,26
11,15,3,5,false,MoveRight,0.0,2.0,26
11,16,4,5,false,MoveRight,0.0,2.0,26
11,17,5,5,false,MoveDown,0.0,2.0,26
11,18,5,4,false,MoveDown,0.0,2.0,26
11,19,5,3,false,MoveDown,0.0,2.0,26
11,20,5,2,false,MoveDown,0.0,2.0,26
11,21,5,1,false,MoveLeft,0.0,2.0,26
11,22,4,1,false,MoveUp,0.0,2.0,26
11,23,4,2,false,MoveUp,0.0,2.0,26
11,24,4,3,false,MoveUp,0.0,2.0,26
11,25,4,4,false,MoveRight,0.0,2.0,26
11,26,5,4,false,Terminate,0.0,2.0,26
11,27,5,4,true,TERMINAL,2.0,2.0,26
12,1,1,1,false,MoveUp,0.0,2.0,10
12,2,1,2,false,MoveUp,0.0,2.0,10
12,3,1,3,false,MoveUp,0.0,2.0,10
12,4,1,4,false,MoveUp,0.0,2.0,10
12,5,1,5,false,MoveDown,0.0,2.0,10
12,6,1,4,false,MoveRight,0.0,2.0,10
12,7,2,4,false,MoveUp,0.0,2.0,10
12,8,2,5,false,MoveRight,0.0,2.0,10
12,9,3,5,false,MoveLeft,0.0,2.0,10
12,10,2,5,false,Terminate,0.0,2.0,10
12,11,2,5,true,TERMINAL,2.0,2.0,10
13,1,1,1,false,MoveUp,0.0,50.0,11
13,2,1,2,false,MoveUp,0.0,50.0,11
13,3,1,3,false,MoveUp,0.0,50.0,11
13,4,1,4,false,MoveUp,0.0,50.0,11
13,5,1,5,false,MoveRight,0.0,50.0,11
13,6,2,5,false,MoveDown,0.0,50.0,11
13,7,2,4,false,MoveRight,0.0,50.0,11
13,8,3,4,false,MoveUp,0.0,50.0,11
13,9,3,5,false,MoveRight,0.0,50.0,11
13,10,4,5,false,MoveRight,0.0,50.0,11
13,11,5,5,false,Terminate,0.0,50.0,11
13,12,5,5,true,TERMINAL,50.0,50.0,11
14,1,1,1,false,MoveUp,0.0,2.0,18
14,2,1,2,false,MoveUp,0.0,2.0,18
14,3,1,3,false,MoveUp,0.0,2.0,18
14,4,1,4,false,MoveUp,0.0,2.0,18
14,5,1,5,false,MoveRight,0.0,2.0,18
14,6,2,5,false,MoveDown,0.0,2.0,18
14,7,2,4,false,MoveDown,0.0,2.0,18
14,8,2,3,false,MoveUp,0.0,2.0,18
14,9,2,4,false,MoveUp,0.0,2.0,18
14,10,2,5,false,MoveRight,0.0,2.0,18
14,11,3,5,false,MoveDown,0.0,2.0,18
14,12,3,4,false,MoveRight,0.0,2.0,18
14,13,4,4,false,MoveUp,0.0,2.0,18
14,14,4,5,false,MoveRight,0.0,2.0,18
14,15,5,5,false,MoveDown,0.0,2.0,18
14,16,5,4,false,MoveDown,0.0,2.0,18
14,17,5,3,false,MoveDown,0.0,2.0,18
14,18,5,2,false,Terminate,0.0,2.0,18
14,19,5,2,true,TERMINAL,2.0,2.0,18
15,1,1,1,false,MoveUp,0.0,1.0,20
15,2,1,2,false,MoveUp,0.0,1.0,20
15,3,1,3,false,MoveUp,0.0,1.0,20
15,4,1,4,false,MoveUp,0.0,1.0,20
15,5,1,5,false,MoveRight,0.0,1.0,20
15,6,2,5,false,MoveDown,0.0,1.0,20
15,7,2,4,false,MoveDown,0.0,1.0,20
15,8,2,3,false,MoveUp,0.0,1.0,20
15,9,2,4,false,MoveRight,0.0,1.0,20
15,10,3,4,false,MoveUp,0.0,1.0,20
15,11,3,5,false,MoveRight,0.0,1.0,20
15,12,4,5,false,MoveDown,0.0,1.0,20
15,13,4,4,false,MoveDown,0.0,1.0,20
15,14,4,3,false,MoveLeft,0.0,1.0,20
15,15,3,3,false,MoveDown,0.0,1.0,20
15,16,3,2,false,MoveDown,0.0,1.0,20
15,17,3,1,false,MoveUp,0.0,1.0,20
15,18,3,2,false,MoveLeft,0.0,1.0,20
15,19,2,2,false,MoveDown,0.0,1.0,20
15,20,2,1,false,Terminate,0.0,1.0,20
15,21,2,1,true,TERMINAL,1.0,1.0,20
16,1,1,1,false,MoveUp,0.0,30.0,21
16,2,1,2,false,MoveUp,0.0,30.0,21
16,3,1,3,false,MoveUp,0.0,30.0,21
16,4,1,4,false,MoveUp,0.0,30.0,21
16,5,1,5,false,MoveRight,0.0,30.0,21
16,6,2,5,false,MoveRight,0.0,30.0,21
16,7,3,5,false,MoveRight,0.0,30.0,21
16,8,4,5,false,MoveRight,0.0,30.0,21
16,9,5,5,false,MoveDown,0.0,30.0,21
16,10,5,4,false,MoveLeft,0.0,30.0,21
16,11,4,4,false,MoveDown,0.0,30.0,21
16,12,4,3,false,MoveLeft,0.0,30.0,21
16,13,3,3,false,MoveUp,0.0,30.0,21
16,14,3,4,false,MoveDown,0.0,30.0,21
16,15,3,3,false,MoveUp,0.0,30.0,21
16,16,3,4,false,MoveLeft,0.0,30.0,21
16,17,2,4,false,MoveDown,0.0,30.0,21
16,18,2,3,false,MoveRight,0.0,30.0,21
16,19,3,3,false,MoveDown,0.0,30.0,21
16,20,3,2,false,MoveUp,0.0,30.0,21
16,21,3,3,false,Terminate,0.0,30.0,21
16,22,3,3,true,TERMINAL,30.0,30.0,21
17,1,1,1,false,MoveUp,0.0,50.0,11
17,2,1,2,false,MoveUp,0.0,50.0,11
17,3,1,3,false,MoveUp,0.0,50.0,11
17,4,1,4,false,MoveUp,0.0,50.0,11
17,5,1,5,false,MoveRight,0.0,50.0,11
17,6,2,5,false,MoveRight,0.0,50.0,11
17,7,3,5,false,MoveRight,0.0,50.0,11
17,8,4,5,false,MoveRight,0.0,50.0,11
17,9,5,5,false,MoveDown,0.0,50.0,11
17,10,5,4,false,MoveUp,0.0,50.0,11
17,11,5,5,false,Terminate,0.0,50.0,11
17,12,5,5,true,TERMINAL,50.0,50.0,11
18,1,1,1,false,MoveUp,0.0,2.0,18
18,2,1,2,false,MoveUp,0.0,2.0,18
18,3,1,3,false,MoveUp,0.0,2.0,18
18,4,1,4,false,MoveUp,0.0,2.0,18
18,5,1,5,false,MoveRight,0.0,2.0,18
18,6,2,5,false,MoveDown,0.0,2.0,18
18,7,2,4,false,MoveDown,0.0,2.0,18
18,8,2,3,false,MoveDown,0.0,2.0,18
18,9,2,2,false,MoveDown,0.0,2.0,18
18,10,2,1,false,MoveRight,0.0,2.0,18
18,11,3,1,false,MoveUp,0.0,2.0,18
18,12,3,2,false,MoveUp,0.0,2.0,18
18,13,3,3,false,MoveUp,0.0,2.0,18
18,14,3,4,false,MoveUp,0.0,2.0,18
18,15,3,5,false,MoveRight,0.0,2.0,18
18,16,4,5,false,MoveRight,0.0,2.0,18
18,17,5,5,false,MoveDown,0.0,2.0,18
18,18,5,4,false,Terminate,0.0,2.0,18
18,19,5,4,true,TERMINAL,2.0,2.0,18
19,1,1,1,false,MoveUp,0.0,2.0,12
19,2,1,2,false,MoveUp,0.0,2.0,12
19,3,1,3,false,MoveUp,0.0,2.0,12
19,4,1,4,false,MoveUp,0.0,2.0,12
19,5,1,5,false,MoveRight,0.0,2.0,12
19,6,2,5,false,MoveRight,0.0,2.0,12
19,7,3,5,false,MoveRight,0.0,2.0,12
19,8,4,5,false,MoveDown,0.0,2.0,12
19,9,4,4,false,MoveDown,0.0,2.0,12
19,10,4,3,false,MoveLeft,0.0,2.0,12
19,11,3,3,false,MoveUp,0.0,2.0,12
19,12,3,4,false,Terminate,0.0,2.0,12
19,13,3,4,true,TERMINAL,2.0,2.0,12
20,1,1,1,false,MoveUp,0.0,2.0,16
20,2,1,2,false,MoveUp,0.0,2.0,16
20,3,1,3,false,MoveUp,0.0,2.0,16
20,4,1,4,false,MoveUp,0.0,2.0,16
20,5,1,5,false,MoveRight,0.0,2.0,16
20,6,2,5,false,MoveDown,0.0,2.0,16
20,7,2,4,false,MoveUp,0.0,2.0,16
20,8,2,5,false,MoveRight,0.0,2.0,16
20,9,3,5,false,MoveDown,0.0,2.0,16
20,10,3,4,false,MoveRight,0.0,2.0,16
20,11,4,4,false,MoveUp,0.0,2.0,16
20,12,4,5,false,MoveRight,0.0,2.0,16
20,13,5,5,false,MoveDown,0.0,2.0,16
20,14,5,4,false,MoveDown,0.0,2.0,16
20,15,5,3,false,MoveUp,0.0,2.0,16
20,16,5,4,false,Terminate,0.0,2.0,16
20,17,5,4,true,TERMINAL,2.0,2.0,16
21,1,1,1,false,MoveUp,0.0,2.0,20
21,2,1,2,false,MoveUp,0.0,2.0,20
21,3,1,3,false,MoveUp,0.0,2.0,20
21,4,1,4,false,MoveUp,0.0,2.0,20
21,5,1,5,false,MoveRight,0.0,2.0,20
21,6,2,5,false,MoveDown,0.0,2.0,20
21,7,2,4,false,MoveDown,0.0,2.0,20
21,8,2,3,false,MoveDown,0.0,2.0,20
21,9,2,2,false,MoveRight,0.0,2.0,20
21,10,3,2,false,MoveUp,0.0,2.0,20
21,11,3,3,false,MoveUp,0.0,2.0,20
21,12,3,4,false,MoveUp,0.0,2.0,20
21,13,3,5,false,MoveRight,0.0,2.0,20
21,14,4,5,false,MoveDown,0.0,2.0,20
21,15,4,4,false,MoveDown,0.0,2.0,20
21,16,4,3,false,MoveRight,0.0,2.0,20
21,17,5,3,false,MoveUp,0.0,2.0,20
21,18,5,4,false,MoveUp,0.0,2.0,20
21,19,5,5,false,MoveLeft,0.0,2.0,20
21,20,4,5,false,Terminate,0.0,2.0,20
21,21,4,5,true,TERMINAL,2.0,2.0,20
22,1,1,1,false,MoveUp,0.0,50.0,11
22,2,1,2,false,MoveUp,0.0,50.0,11
22,3,1,3,false,MoveUp,0.0,50.0,11
22,4,1,4,false,MoveUp,0.0,50.0,11
22,5,1,5,false,MoveRight,0.0,50.0,11
22,6,2,5,false,MoveDown,0.0,50.0,11
22,7,2,4,false,MoveUp,0.0,50.0,11
22,8,2,5,false,MoveRight,0.0,50.0,11
22,9,3,5,false,MoveRight,0.0,50.0,11
22,10,4,5,false,MoveRight,0.0,50.0,11
22,11,5,5,false,Terminate,0.0,50.0,11
22,12,5,5,true,TERMINAL,50.0,50.0,11
23,1,1,1,false,MoveUp,0.0,2.0,21
23,2,1,2,false,MoveUp,0.0,2.0,21
23,3,1,3,false,MoveUp,0.0,2.0,21
23,4,1,4,false,MoveUp,0.0,2.0,21
23,5,1,5,false,MoveDown,0.0,2.0,21
23,6,1,4,false,MoveRight,0.0,2.0,21
23,7,2,4,false,MoveUp,0.0,2.0,21
23,8,2,5,false,MoveRight,0.0,2.0,21
23,9,3,5,false,MoveDown,0.0,2.0,21
23,10,3,4,false,MoveUp,0.0,2.0,21
23,11,3,5,false,MoveRight,0.0,2.0,21
23,12,4,5,false,MoveRight,0.0,2.0,21
23,13,5,5,false,MoveDown,0.0,2.0,21
23,14,5,4,false,MoveDown,0.0,2.0,21
23,15,5,3,false,MoveDown,0.0,2.0,21
23,16,5,2,false,MoveDown,0.0,2.0,21
23,17,5,1,false,MoveLeft,0.0,2.0,21
23,18,4,1,false,MoveUp,0.0,2.0,21
23,19,4,2,false,MoveUp,0.0,2.0,21
23,20,4,3,false,MoveUp,0.0,2.0,21
23,21,4,4,false,Terminate,0.0,2.0,21
23,22,4,4,true,TERMINAL,2.0,2.0,21
24,1,1,1,false,MoveUp,0.0,50.0,17
24,2,1,2,false,MoveUp,0.0,50.0,17
24,3,1,3,false,MoveUp,0.0,50.0,17
24,4,1,4,false,MoveUp,0.0,50.0,17
24,5,1,5,false,MoveRight,0.0,50.0,17
24,6,2,5,false,MoveDown,0.0,50.0,17
24,7,2,4,false,MoveDown,0.0,50.0,17
24,8,2,3,false,MoveDown,0.0,50.0,17
24,9,2,2,false,MoveUp,0.0,50.0,17
24,10,2,3,false,MoveRight,0.0,50.0,17
24,11,3,3,false,MoveUp,0.0,50.0,17
24,12,3,4,false,MoveUp,0.0,50.0,17
24,13,3,5,false,MoveRight,0.0,50.0,17
24,14,4,5,false,MoveDown,0.0,50.0,17
24,15,4,4,false,MoveRight,0.0,50.0,17
24,16,5,4,false,MoveUp,0.0,50.0,17
24,17,5,5,false,Terminate,0.0,50.0,17
24,18,5,5,true,TERMINAL,50.0,50.0,17
25,1,1,1,false,MoveUp,0.0,2.0,16
25,2,1,2,false,MoveUp,0.0,2.0,16
25,3,1,3,false,MoveUp,0.0,2.0,16
25,4,1,4,false,MoveUp,0.0,2.0,16
25,5,1,5,false,MoveRight,0.0,2.0,16
25,6,2,5,false,MoveDown,0.0,2.0,16
25,7,2,4,false,MoveDown,0.0,2.0,16
25,8,2,3,false,MoveDown,0.0,2.0,16
25,9,2,2,false,MoveDown,0.0,2.0,16
25,10,2,1,false,MoveRight,0.0,2.0,16
25,11,3,1,false,MoveUp,0.0,2.0,16
25,12,3,2,false,MoveUp,0.0,2.0,16
25,13,3,3,false,MoveUp,0.0,2.0,16
25,14,3,4,false,MoveUp,0.0,2.0,16
25,15,3,5,false,MoveLeft,0.0,2.0,16
25,16,2,5,false,Terminate,0.0,2.0,16
25,17,2,5,true,TERMINAL,2.0,2.0,16
26,1,1,1,false,MoveUp,0.0,2.0,16
26,2,1,2,false,MoveUp,0.0,2.0,16
26,3,1,3,false,MoveUp,0.0,2.0,16
26,4,1,4,false,MoveUp,0.0,2.0,16
26,5,1,5,false,MoveRight,0.0,2.0,16
26,6,2,5,false,MoveRight,0.0,2.0,16
26,7,3,5,false,MoveDown,0.0,2.0,16
26,8,3,4,false,MoveUp,0.0,2.0,16
26,9,3,5,false,MoveRight,0.0,2.0,16
26,10,4,5,false,MoveDown,0.0,2.0,16
26,11,4,4,false,MoveDown,0.0,2.0,16
26,12,4,3,false,MoveRight,0.0,2.0,16
26,13,5,3,false,MoveUp,0.0,2.0,16
26,14,5,4,false,MoveUp,0.0,2.0,16
26,15,5,5,false,MoveLeft,0.0,2.0,16
26,16,4,5,false,Terminate,0.0,2.0,16
26,17,4,5,true,TERMINAL,2.0,2.0,16
27,1,1,1,false,MoveUp,0.0,2.0,21
27,2,1,2,false,MoveUp,0.0,2.0,21
27,3,1,3,false,MoveUp,0.0,2.0,21
27,4,1,4,false,MoveUp,0.0,2.0,21
27,5,1,5,false,MoveRight,0.0,2.0,21
27,6,2,5,false,MoveRight,0.0,2.0,21
27,7,3,5,false,MoveRight,0.0,2.0,21
27,8,4,5,false,MoveDown,0.0,2.0,21
27,9,4,4,false,MoveUp,0.0,2.0,21
27,10,4,5,false,MoveRight,0.0,2.0,21
27,11,5,5,false,MoveDown,0.0,2.0,21
27,12,5,4,false,MoveDown,0.0,2.0,21
27,13,5,3,false,MoveDown,0.0,2.0,21
27,14,5,2,false,MoveUp,0.0,2.0,21
27,15,5,3,false,MoveLeft,0.0,2.0,21
27,16,4,3,false,MoveUp,0.0,2.0,21
27,17,4,4,false,MoveLeft,0.0,2.0,21
27,18,3,4,false,MoveUp,0.0,2.0,21
27,19,3,5,false,MoveDown,0.0,2.0,21
27,20,3,4,false,MoveUp,0.0,2.0,21
27,21,3,5,false,Terminate,0.0,2.0,21
27,22,3,5,true,TERMINAL,2.0,2.0,21
28,1,1,1,false,MoveUp,0.0,2.0,13
28,2,1,2,false,MoveUp,0.0,2.0,13
28,3,1,3,false,MoveUp,0.0,2.0,13
28,4,1,4,false,MoveUp,0.0,2.0,13
28,5,1,5,false,MoveRight,0.0,2.0,13
28,6,2,5,false,MoveRight,0.0,2.0,13
28,7,3,5,false,MoveRight,0.0,2.0,13
28,8,4,5,false,MoveRight,0.0,2.0,13
28,9,5,5,false,MoveDown,0.0,2.0,13
28,10,5,4,false,MoveDown,0.0,2.0,13
28,11,5,3,false,MoveDown,0.0,2.0,13
28,12,5,2,false,MoveUp,0.0,2.0,13
28,13,5,3,false,Terminate,0.0,2.0,13
28,14,5,3,true,TERMINAL,2.0,2.0,13
29,1,1,1,false,MoveUp,0.0,50.0,13
29,2,1,2,false,MoveUp,0.0,50.0,13
29,3,1,3,false,MoveUp,0.0,50.0,13
29,4,1,4,false,MoveUp,0.0,50.0,13
29,5,1,5,false,MoveRight,0.0,50.0,13
29,6,2,5,false,MoveDown,0.0,50.0,13
29,7,2,4,false,MoveUp,0.0,50.0,13
29,8,2,5,false,MoveRight,0.0,50.0,13
29,9,3,5,false,MoveRight,0.0,50.0,13
29,10,4,5,false,MoveDown,0.0,50.0,13
29,11,4,4,false,MoveRight,0.0,50.0,13
29,12,5,4,false,MoveUp,0.0,50.0,13
29,13,5,5,false,Terminate,0.0,50.0,13
29,14,5,5,true,TERMINAL,50.0,50.0,13
30,1,1,1,false,MoveUp,0.0,2.0,19
30,2,1,2,false,MoveUp,0.0,2.0,19
30,3,1,3,false,MoveUp,0.0,2.0,19
30,4,1,4,false,MoveUp,0.0,2.0,19
30,5,1,5,false,MoveRight,0.0,2.0,19
30,6,2,5,false,MoveRight,0.0,2.0,19
30,7,3,5,false,MoveDown,0.0,2.0,19
30,8,3,4,false,MoveDown,0.0,2.0,19
30,9,3,3,false,MoveUp,0.0,2.0,19
30,10,3,4,false,MoveUp,0.0,2.0,19
30,11,3,5,false,MoveRight,0.0,2.0,19
30,12,4,5,false,MoveDown,0.0,2.0,19
30,13,4,4,false,MoveUp,0.0,2.0,19
30,14,4,5,false,MoveRight,0.0,2.0,19
30,15,5,5,false,MoveDown,0.0,2.0,19
30,16,5,4,false,MoveUp,0.0,2.0,19
30,17,5,5,false,MoveLeft,0.0,2.0,19
30,18,4,5,false,MoveLeft,0.0,2.0,19
30,19,3,5,false,Terminate,0.0,2.0,19
30,20,3,5,true,TERMINAL,2.0,2.0,19
31,1,1,1,false,MoveUp,0.0,40.0,5
31,2,1,2,false,MoveUp,0.0,40.0,5
31,3,1,3,false,MoveUp,0.0,40.0,5
31,4,1,4,false,MoveUp,0.0,40.0,5
31,5,1,5,false,Terminate,0.0,40.0,5
31,6,1,5,true,TERMINAL,40.0,40.0,5
32,1,1,1,false,MoveUp,0.0,2.0,16
32,2,1,2,false,MoveUp,0.0,2.0,16
32,3,1,3,false,MoveUp,0.0,2.0,16
32,4,1,4,false,MoveUp,0.0,2.0,16
32,5,1,5,false,MoveRight,0.0,2.0,16
32,6,2,5,false,MoveDown,0.0,2.0,16
32,7,2,4,false,MoveRight,0.0,2.0,16
32,8,3,4,false,MoveUp,0.0,2.0,16
32,9,3,5,false,MoveRight,0.0,2.0,16
32,10,4,5,false,MoveDown,0.0,2.0,16
32,11,4,4,false,MoveLeft,0.0,2.0,16
32,12,3,4,false,MoveDown,0.0,2.0,16
32,13,3,3,false,MoveLeft,0.0,2.0,16
32,14,2,3,false,MoveDown,0.0,2.0,16
32,15,2,2,false,MoveUp,0.0,2.0,16
32,16,2,3,false,Terminate,0.0,2.0,16
32,17,2,3,true,TERMINAL,2.0,2.0,16
33,1,1,1,false,MoveUp,0.0,2.0,8
33,2,1,2,false,MoveUp,0.0,2.0,8
33,3,1,3,false,MoveUp,0.0,2.0,8
33,4,1,4,false,MoveUp,0.0,2.0,8
33,5,1,5,false,MoveRight,0.0,2.0,8
33,6,2,5,false,MoveRight,0.0,2.0,8
33,7,3,5,false,MoveDown,0.0,2.0,8
33,8,3,4,false,Terminate,0.0,2.0,8
33,9,3,4,true,TERMINAL,2.0,2.0,8
34,1,1,1,false,MoveUp,0.0,2.0,20
34,2,1,2,false,MoveUp,0.0,2.0,20
34,3,1,3,false,MoveUp,0.0,2.0,20
34,4,1,4,false,MoveUp,0.0,2.0,20
34,5,1,5,false,MoveDown,0.0,2.0,20
34,6,1,4,false,MoveRight,0.0,2.0,20
34,7,2,4,false,MoveUp,0.0,2.0,20
34,8,2,5,false,MoveRight,0.0,2.0,20
34,9,3,5,false,MoveDown,0.0,2.0,20
34,10,3,4,false,MoveDown,0.0,2.0,20
34,11,3,3,false,MoveUp,0.0,2.0,20
34,12,3,4,false,MoveRight,0.0,2.0,20
34,13,4,4,false,MoveUp,0.0,2.0,20
34,14,4,5,false,MoveRight,0.0,2.0,20
34,15,5,5,false,MoveDown,0.0,2.0,20
34,16,5,4,false,MoveUp,0.0,2.0,20
34,17,5,5,false,MoveLeft,0.0,2.0,20
34,18,4,5,false,MoveLeft,0.0,2.0,20
34,19,3,5,false,MoveRight,0.0,2.0,20
34,20,4,5,false,Terminate,0.0,2.0,20
34,21,4,5,true,TERMINAL,2.0,2.0,20
35,1,1,1,false,MoveUp,0.0,40.0,7
35,2,1,2,false,MoveUp,0.0,40.0,7
35,3,1,3,false,MoveUp,0.0,40.0,7
35,4,1,4,false,MoveUp,0.0,40.0,7
35,5,1,5,false,MoveRight,0.0,40.0,7
35,6,2,5,false,MoveLeft,0.0,40.0,7
35,7,1,5,false,Terminate,0.0,40.0,7
35,8,1,5,true,TERMINAL,40.0,40.0,7
36,1,1,1,false,MoveUp,0.0,50.0,15
36,2,1,2,false,MoveUp,0.0,50.0,15
36,3,1,3,false,MoveUp,0.0,50.0,15
36,4,1,4,false,MoveUp,0.0,50.0,15
36,5,1,5,false,MoveRight,0.0,50.0,15
36,6,2,5,false,MoveDown,0.0,50.0,15
36,7,2,4,false,MoveDown,0.0,50.0,15
36,8,2,3,false,MoveDown,0.0,50.0,15
36,9,2,2,false,MoveRight,0.0,50.0,15
36,10,3,2,false,MoveUp,0.0,50.0,15
36,11,3,3,false,MoveUp,0.0,50.0,15
36,12,3,4,false,MoveUp,0.0,50.0,15
36,13,3,5,false,MoveRight,0.0,50.0,15
36,14,4,5,false,MoveRight,0.0,50.0,15
36,15,5,5,false,Terminate,0.0,50.0,15
36,16,5,5,true,TERMINAL,50.0,50.0,15
37,1,1,1,false,MoveUp,0.0,2.0,26
37,2,1,2,false,MoveUp,0.0,2.0,26
37,3,1,3,false,MoveUp,0.0,2.0,26
37,4,1,4,false,MoveUp,0.0,2.0,26
37,5,1,5,false,MoveRight,0.0,2.0,26
37,6,2,5,false,MoveDown,0.0,2.0,26
37,7,2,4,false,MoveDown,0.0,2.0,26
37,8,2,3,false,MoveUp,0.0,2.0,26
37,9,2,4,false,MoveRight,0.0,2.0,26
37,10,3,4,false,MoveUp,0.0,2.0,26
37,11,3,5,false,MoveRight,0.0,2.0,26
37,12,4,5,false,MoveRight,0.0,2.0,26
37,13,5,5,false,MoveDown,0.0,2.0,26
37,14,5,4,false,MoveLeft,0.0,2.0,26
37,15,4,4,false,MoveUp,0.0,2.0,26
37,16,4,5,false,MoveDown,0.0,2.0,26
37,17,4,4,false,MoveDown,0.0,2.0,26
37,18,4,3,false,MoveLeft,0.0,2.0,26
37,19,3,3,false,MoveUp,0.0,2.0,26
37,20,3,4,false,MoveDown,0.0,2.0,26
37,21,3,3,false,MoveDown,0.0,2.0,26
37,22,3,2,false,MoveDown,0.0,2.0,26
37,23,3,1,false,MoveUp,0.0,2.0,26
37,24,3,2,false,MoveUp,0.0,2.0,26
37,25,3,3,false,MoveUp,0.0,2.0,26
37,26,3,4,false,Terminate,0.0,2.0,26
37,27,3,4,true,TERMINAL,2.0,2.0,26
38,1,1,1,false,MoveUp,0.0,1.0,20
38,2,1,2,false,MoveUp,0.0,1.0,20
38,3,1,3,false,MoveUp,0.0,1.0,20
38,4,1,4,false,MoveUp,0.0,1.0,20
38,5,1,5,false,MoveRight,0.0,1.0,20
38,6,2,5,false,MoveDown,0.0,1.0,20
38,7,2,4,false,MoveDown,0.0,1.0,20
38,8,2,3,false,MoveUp,0.0,1.0,20
38,9,2,4,false,MoveRight,0.0,1.0,20
38,10,3,4,false,MoveUp,0.0,1.0,20
38,11,3,5,false,MoveRight,0.0,1.0,20
38,12,4,5,false,MoveDown,0.0,1.0,20
38,13,4,4,false,MoveDown,0.0,1.0,20
38,14,4,3,false,MoveDown,0.0,1.0,20
38,15,4,2,false,MoveLeft,0.0,1.0,20
38,16,3,2,false,MoveUp,0.0,1.0,20
38,17,3,3,false,MoveDown,0.0,1.0,20
38,18,3,2,false,MoveLeft,0.0,1.0,20
38,19,2,2,false,MoveDown,0.0,1.0,20
38,20,2,1,false,Terminate,0.0,1.0,20
38,21,2,1,true,TERMINAL,1.0,1.0,20
39,1,1,1,false,MoveUp,0.0,2.0,10
39,2,1,2,false,MoveUp,0.0,2.0,10
39,3,1,3,false,MoveUp,0.0,2.0,10
39,4,1,4,false,MoveUp,0.0,2.0,10
39,5,1,5,false,MoveRight,0.0,2.0,10
39,6,2,5,false,MoveRight,0.0,2.0,10
39,7,3,5,false,MoveDown,0.0,2.0,10
39,8,3,4,false,MoveDown,0.0,2.0,10
39,9,3,3,false,MoveDown,0.0,2.0,10
39,10,3,2,false,Terminate,0.0,2.0,10
39,11,3,2,true,TERMINAL,2.0,2.0,10
40,1,1,1,false,MoveUp,0.0,2.0,9
40,2,1,2,false,MoveUp,0.0,2.0,9
40,3,1,3,false,MoveUp,0.0,2.0,9
40,4,1,4,false,MoveUp,0.0,2.0,9
40,5,1,5,false,MoveRight,0.0,2.0,9
40,6,2,5,false,MoveDown,0.0,2.0,9
40,7,2,4,false,MoveUp,0.0,2.0,9
40,8,2,5,false,MoveRight,0.0,2.0,9
40,9,3,5,false,Terminate,0.0,2.0,9
40,10,3,5,true,TERMINAL,2.0,2.0,9
41,1,1,1,false,MoveUp,0.0,2.0,7
41,2,1,2,false,MoveUp,0.0,2.0,7
41,3,1,3,false,MoveUp,0.0,2.0,7
41,4,1,4,false,MoveUp,0.0,2.0,7
41,5,1,5,false,MoveRight,0.0,2.0,7
41,6,2,5,false,MoveRight,0.0,2.0,7
41,7,3,5,false,Terminate,0.0,2.0,7
41,8,3,5,true,TERMINAL,2.0,2.0,7
42,1,1,1,false,MoveUp,0.0,2.0,18
42,2,1,2,false,MoveUp,0.0,2.0,18
42,3,1,3,false,MoveUp,0.0,2.0,18
42,4,1,4,false,MoveUp,0.0,2.0,18
42,5,1,5,false,MoveRight,0.0,2.0,18
42,6,2,5,false,MoveDown,0.0,2.0,18
42,7,2,4,false,MoveDown,0.0,2.0,18
42,8,2,3,false,MoveDown,0.0,2.0,18
42,9,2,2,false,MoveUp,0.0,2.0,18
42,10,2,3,false,MoveUp,0.0,2.0,18
42,11,2,4,false,MoveRight,0.0,2.0,18
42,12,3,4,false,MoveUp,0.0,2.0,18
42,13,3,5,false,MoveRight,0.0,2.0,18
42,14,4,5,false,MoveRight,0.0,2.0,18
42,15,5,5,false,MoveDown,0.0,2.0,18
42,16,5,4,false,MoveDown,0.0,2.0,18
42,17,5,3,false,MoveUp,0.0,2.0,18
42,18,5,4,false,Terminate,0.0,2.0,18
42,19,5,4,true,TERMINAL,2.0,2.0,18
43,1,1,1,false,MoveUp,0.0,50.0,13
43,2,1,2,false,MoveUp,0.0,50.0,13
43,3,1,3,false,MoveUp,0.0,50.0,13
43,4,1,4,false,MoveUp,0.0,50.0,13
43,5,1,5,false,MoveRight,0.0,50.0,13
43,6,2,5,false,MoveRight,0.0,50.0,13
43,7,3,5,false,MoveDown,0.0,50.0,13
43,8,3,4,false,MoveUp,0.0,50.0,13
43,9,3,5,false,MoveRight,0.0,50.0,13
43,10,4,5,false,MoveDown,0.0,50.0,13
43,11,4,4,false,MoveRight,0.0,50.0,13
43,12,5,4,false,MoveUp,0.0,50.0,13
43,13,5,5,false,Terminate,0.0,50.0,13
43,14,5,5,true,TERMINAL,50.0,50.0,13
44,1,1,1,false,MoveUp,0.0,50.0,15
44,2,1,2,false,MoveUp,0.0,50.0,15
44,3,1,3,false,MoveUp,0.0,50.0,15
44,4,1,4,false,MoveUp,0.0,50.0,15
44,5,1,5,false,MoveRight,0.0,50.0,15
44,6,2,5,false,MoveDown,0.0,50.0,15
44,7,2,4,false,MoveRight,0.0,50.0,15
44,8,3,4,false,MoveUp,0.0,50.0,15
44,9,3,5,false,MoveRight,0.0,50.0,15
44,10,4,5,false,MoveRight,0.0,50.0,15
44,11,5,5,false,MoveDown,0.0,50.0,15
44,12,5,4,false,MoveLeft,0.0,50.0,15
44,13,4,4,false,MoveRight,0.0,50.0,15
44,14,5,4,false,MoveUp,0.0,50.0,15
44,15,5,5,false,Terminate,0.0,50.0,15
44,16,5,5,true,TERMINAL,50.0,50.0,15
45,1,1,1,false,MoveUp,0.0,20.0,9
45,2,1,2,false,MoveUp,0.0,20.0,9
45,3,1,3,false,MoveUp,0.0,20.0,9
45,4,1,4,false,MoveUp,0.0,20.0,9
45,5,1,5,false,MoveRight,0.0,20.0,9
45,6,2,5,false,MoveDown,0.0,20.0,9
45,7,2,4,false,MoveDown,0.0,20.0,9
45,8,2,3,false,MoveUp,0.0,20.0,9
45,9,2,4,false,Terminate,0.0,20.0,9
45,10,2,4,true,TERMINAL,20.0,20.0,9
46,1,1,1,false,MoveUp,0.0,2.0,8
46,2,1,2,false,MoveUp,0.0,2.0,8
46,3,1,3,false,MoveUp,0.0,2.0,8
46,4,1,4,false,MoveUp,0.0,2.0,8
46,5,1,5,false,MoveRight,0.0,2.0,8
46,6,2,5,false,MoveRight,0.0,2.0,8
46,7,3,5,false,MoveDown,0.0,2.0,8
46,8,3,4,false,Terminate,0.0,2.0,8
46,9,3,4,true,TERMINAL,2.0,2.0,8
47,1,1,1,false,MoveUp,0.0,2.0,16
47,2,1,2,false,MoveUp,0.0,2.0,16
47,3,1,3,false,MoveUp,0.0,2.0,16
47,4,1,4,false,MoveUp,0.0,2.0,16
47,5,1,5,false,MoveRight,0.0,2.0,16
47,6,2,5,false,MoveDown,0.0,2.0,16
47,7,2,4,false,MoveDown,0.0,2.0,16
47,8,2,3,false,MoveUp,0.0,2.0,16
47,9,2,4,false,MoveRight,0.0,2.0,16
47,10,3,4,false,MoveUp,0.0,2.0,16
47,11,3,5,false,MoveDown,0.0,2.0,16
47,12,3,4,false,MoveUp,0.0,2.0,16
47,13,3,5,false,MoveRight,0.0,2.0,16
47,14,4,5,false,MoveRight,0.0,2.0,16
47,15,5,5,false,MoveDown,0.0,2.0,16
47,16,5,4,false,Terminate,0.0,2.0,16
47,17,5,4,true,TERMINAL,2.0,2.0,16
48,1,1,1,false,MoveUp,0.0,2.0,24
48,2,1,2,false,MoveUp,0.0,2.0,24
48,3,1,3,false,MoveUp,0.0,2.0,24
48,4,1,4,false,MoveUp,0.0,2.0,24
48,5,1,5,false,MoveRight,0.0,2.0,24
48,6,2,5,false,MoveRight,0.0,2.0,24
48,7,3,5,false,MoveRight,0.0,2.0,24
48,8,4,5,false,MoveRight,0.0,2.0,24
48,9,5,5,false,MoveDown,0.0,2.0,24
48,10,5,4,false,MoveDown,0.0,2.0,24
48,11,5,3,false,MoveDown,0.0,2.0,24
48,12,5,2,false,MoveUp,0.0,2.0,24
48,13,5,3,false,MoveLeft,0.0,2.0,24
48,14,4,3,false,MoveUp,0.0,2.0,24
48,15,4,4,false,MoveLeft,0.0,2.0,24
48,16,3,4,false,MoveDown,0.0,2.0,24
48,17,3,3,false,MoveDown,0.0,2.0,24
48,18,3,2,false,MoveUp,0.0,2.0,24
48,19,3,3,false,MoveUp,0.0,2.0,24
48,20,3,4,false,MoveLeft,0.0,2.0,24
48,21,2,4,false,MoveDown,0.0,2.0,24
48,22,2,3,false,MoveDown,0.0,2.0,24
48,23,2,2,false,MoveUp,0.0,2.0,24
48,24,2,3,false,Terminate,0.0,2.0,24
48,25,2,3,true,TERMINAL,2.0,2.0,24
49,1,1,1,false,MoveUp,0.0,1.0,20
49,2,1,2,false,MoveUp,0.0,1.0,20
49,3,1,3,false,MoveUp,0.0,1.0,20
49,4,1,4,false,MoveUp,0.0,1.0,20
49,5,1,5,false,MoveRight,0.0,1.0,20
49,6,2,5,false,MoveRight,0.0,1.0,20
49,7,3,5,false,MoveRight,0.0,1.0,20
49,8,4,5,false,MoveDown,0.0,1.0,20
49,9,4,4,false,MoveDown,0.0,1.0,20
49,10,4,3,false,MoveLeft,0.0,1.0,20
49,11,3,3,false,MoveUp,0.0,1.0,20
49,12,3,4,false,MoveLeft,0.0,1.0,20
49,13,2,4,false,MoveDown,0.0,1.0,20
49,14,2,3,false,MoveDown,0.0,1.0,20
49,15,2,2,false,MoveDown,0.0,1.0,20
49,16,2,1,false,MoveRight,0.0,1.0,20
49,17,3,1,false,MoveUp,0.0,1.0,20
49,18,3,2,false,MoveLeft,0.0,1.0,20
49,19,2,2,false,MoveLeft,0.0,1.0,20
49,20,1,2,false,Terminate,0.0,1.0,20
49,21,1,2,true,TERMINAL,1.0,1.0,20
50,1,1,1,false,MoveUp,0.0,2.0,20
50,2,1,2,false,MoveUp,0.0,2.0,20
50,3,1,3,false,MoveUp,0.0,2.0,20
50,4,1,4,false,MoveUp,0.0,2.0,20
50,5,1,5,false,MoveRight,0.0,2.0,20
50,6,2,5,false,MoveRight,0.0,2.0,20
50,7,3,5,false,MoveDown,0.0,2.0,20
50,8,3,4,false,MoveDown,0.0,2.0,20
50,9,3,3,false,MoveDown,0.0,2.0,20
50,10,3,2,false,MoveUp,0.0,2.0,20
50,11,3,3,false,MoveLeft,0.0,2.0,20
50,12,2,3,false,MoveUp,0.0,2.0,20
50,13,2,4,false,MoveRight,0.0,2.0,20
50,14,3,4,false,MoveRight,0.0,2.0,20
50,15,4,4,false,MoveUp,0.0,2.0,20
50,16,4,5,false,MoveRight,0.0,2.0,20
50,17,5,5,false,MoveDown,0.0,2.0,20
50,18,5,4,false,MoveUp,0.0,2.0,20
50,19,5,5,false,MoveLeft,0.0,2.0,20
50,20,4,5,false,Terminate,0.0,2.0,20
50,21,4,5,true,TERMINAL,2.0,2.0,20
51,1,1,1,false,MoveUp,0.0,40.0,5
51,2,1,2,false,MoveUp,0.0,40.0,5
51,3,1,3,false,MoveUp,0.0,40.0,5
51,4,1,4,false,MoveUp,0.0,40.0,5
51,5,1,5,false,Terminate,0.0,40.0,5
51,6,1,5,true,TERMINAL,40.0,40.0,5
52,1,1,1,false,MoveUp,0.0,40.0,5
52,2,1,2,false,MoveUp,0.0,40.0,5
52,3,1,3,false,MoveUp,0.0,40.0,5
52,4,1,4,false,MoveUp,0.0,40.0,5
52,5,1,5,false,Terminate,0.0,40.0,5
52,6,1,5,true,TERMINAL,40.0,40.0,5
53,1,1,1,false,MoveUp,0.0,1.0,23
53,2,1,2,false,MoveUp,0.0,1.0,23
53,3,1,3,false,MoveUp,0.0,1.0,23
53,4,1,4,false,MoveUp,0.0,1.0,23
53,5,1,5,false,MoveRight,0.0,1.0,23
53,6,2,5,false,MoveDown,0.0,1.0,23
53,7,2,4,false,MoveUp,0.0,1.0,23
53,8,2,5,false,MoveRight,0.0,1.0,23
53,9,3,5,false,MoveDown,0.0,1.0,23
53,10,3,4,false,MoveDown,0.0,1.0,23
53,11,3,3,false,MoveUp,0.0,1.0,23
53,12,3,4,false,MoveRight,0.0,1.0,23
53,13,4,4,false,MoveUp,0.0,1.0,23
53,14,4,5,false,MoveRight,0.0,1.0,23
53,15,5,5,false,MoveDown,0.0,1.0,23
53,16,5,4,false,MoveDown,0.0,1.0,23
53,17,5,3,false,MoveLeft,0.0,1.0,23
53,18,4,3,false,MoveDown,0.0,1.0,23
53,19,4,2,false,MoveLeft,0.0,1.0,23
53,20,3,2,false,MoveLeft,0.0,1.0,23
53,21,2,2,false,MoveUp,0.0,1.0,23
53,22,2,3,false,MoveLeft,0.0,1.0,23
53,23,1,3,false,Terminate,0.0,1.0,23
53,24,1,3,true,TERMINAL,1.0,1.0,23
54,1,1,1,false,MoveUp,0.0,50.0,19
54,2,1,2,false,MoveUp,0.0,50.0,19
54,3,1,3,false,MoveUp,0.0,50.0,19
54,4,1,4,false,MoveUp,0.0,50.0,19
54,5,1,5,false,MoveRight,0.0,50.0,19
54,6,2,5,false,MoveDown,0.0,50.0,19
54,7,2,4,false,MoveDown,0.0,50.0,19
54,8,2,3,false,MoveDown,0.0,50.0,19
54,9,2,2,false,MoveUp,0.0,50.0,19
54,10,2,3,false,MoveRight,0.0,50.0,19
54,11,3,3,false,MoveUp,0.0,50.0,19
54,12,3,4,false,MoveUp,0.0,50.0,19
54,13,3,5,false,MoveRight,0.0,50.0,19
54,14,4,5,false,MoveDown,0.0,50.0,19
54,15,4,4,false,MoveDown,0.0,50.0,19
54,16,4,3,false,MoveUp,0.0,50.0,19
54,17,4,4,false,MoveRight,0.0,50.0,19
54,18,5,4,false,MoveUp,0.0,50.0,19
54,19,5,5,false,Terminate,0.0,50.0,19
54,20,5,5,true,TERMINAL,50.0,50.0,19
55,1,1,1,false,MoveUp,0.0,50.0,15
55,2,1,2,false,MoveUp,0.0,50.0,15
55,3,1,3,false,MoveUp,0.0,50.0,15
55,4,1,4,false,MoveUp,0.0,50.0,15
55,5,1,5,false,MoveRight,0.0,50.0,15
55,6,2,5,false,MoveRight,0.0,50.0,15
55,7,3,5,false,MoveRight,0.0,50.0,15
55,8,4,5,false,MoveDown,0.0,50.0,15
55,9,4,4,false,MoveUp,0.0,50.0,15
55,10,4,5,false,MoveRight,0.0,50.0,15
55,11,5,5,false,MoveDown,0.0,50.0,15
55,12,5,4,false,MoveDown,0.0,50.0,15
55,13,5,3,false,MoveUp,0.0,50.0,15
55,14,5,4,false,MoveUp,0.0,50.0,15
55,15,5,5,false,Terminate,0.0,50.0,15
55,16,5,5,true,TERMINAL,50.0,50.0,15
56,1,1,1,false,MoveUp,0.0,2.0,14
56,2,1,2,false,MoveUp,0.0,2.0,14
56,3,1,3,false,MoveUp,0.0,2.0,14
56,4,1,4,false,MoveUp,0.0,2.0,14
56,5,1,5,false,MoveRight,0.0,2.0,14
56,6,2,5,false,MoveDown,0.0,2.0,14
56,7,2,4,false,MoveUp,0.0,2.0,14
56,8,2,5,false,MoveRight,0.0,2.0,14
56,9,3,5,false,MoveDown,0.0,2.0,14
56,10,3,4,false,MoveUp,0.0,2.0,14
56,11,3,5,false,MoveLeft,0.0,2.0,14
56,12,2,5,false,MoveLeft,0.0,2.0,14
56,13,1,5,false,MoveDown,0.0,2.0,14
56,14,1,4,false,Terminate,0.0,2.0,14
56,15,1,4,true,TERMINAL,2.0,2.0,14
57,1,1,1,false,MoveUp,0.0,2.0,11
57,2,1,2,false,MoveUp,0.0,2.0,11
57,3,1,3,false,MoveUp,0.0,2.0,11
57,4,1,4,false,MoveUp,0.0,2.0,11
57,5,1,5,false,MoveRight,0.0,2.0,11
57,6,2,5,false,MoveDown,0.0,2.0,11
57,7,2,4,false,MoveDown,0.0,2.0,11
57,8,2,3,false,MoveUp,0.0,2.0,11
57,9,2,4,false,MoveRight,0.0,2.0,11
57,10,3,4,false,MoveUp,0.0,2.0,11
57,11,3,5,false,Terminate,0.0,2.0,11
57,12,3,5,true,TERMINAL,2.0,2.0,11
58,1,1,1,false,MoveUp,0.0,2.0,8
58,2,1,2,false,MoveUp,0.0,2.0,8
58,3,1,3,false,MoveUp,0.0,2.0,8
58,4,1,4,false,MoveUp,0.0,2.0,8
58,5,1,5,false,MoveRight,0.0,2.0,8
58,6,2,5,false,MoveDown,0.0,2.0,8
58,7,2,4,false,MoveLeft,0.0,2.0,8
58,8,1,4,false,Terminate,0.0,2.0,8
58,9,1,4,true,TERMINAL,2.0,2.0,8
59,1,1,1,false,MoveUp,0.0,2.0,24
59,2,1,2,false,MoveUp,0.0,2.0,24
59,3,1,3,false,MoveUp,0.0,2.0,24
59,4,1,4,false,MoveUp,0.0,2.0,24
59,5,1,5,false,MoveRight,0.0,2.0,24
59,6,2,5,false,MoveDown,0.0,2.0,24
59,7,2,4,false,MoveUp,0.0,2.0,24
59,8,2,5,false,MoveRight,0.0,2.0,24
59,9,3,5,false,MoveRight,0.0,2.0,24
59,10,4,5,false,MoveDown,0.0,2.0,24
59,11,4,4,false,MoveDown,0.0,2.0,24
59,12,4,3,false,MoveDown,0.0,2.0,24
59,13,4,2,false,MoveDown,0.0,2.0,24
59,14,4,1,false,MoveLeft,0.0,2.0,24
59,15,3,1,false,MoveUp,0.0,2.0,24
59,16,3,2,false,MoveUp,0.0,2.0,24
59,17,3,3,false,MoveUp,0.0,2.0,24
59,18,3,4,false,MoveDown,0.0,2.0,24
59,19,3,3,false,MoveRight,0.0,2.0,24
59,20,4,3,false,MoveDown,0.0,2.0,24
59,21,4,2,false,MoveLeft,0.0,2.0,24
59,22,3,2,false,MoveLeft,0.0,2.0,24
59,23,2,2,false,MoveUp,0.0,2.0,24
59,24,2,3,false,Terminate,0.0,2.0,24
59,25,2,3,true,TERMINAL,2.0,2.0,24
60,1,1,1,false,MoveUp,0.0,50.0,13
60,2,1,2,false,MoveUp,0.0,50.0,13
60,3,1,3,false,MoveUp,0.0,50.0,13
60,4,1,4,false,MoveUp,0.0,50.0,13
60,5,1,5,false,MoveRight,0.0,50.0,13
60,6,2,5,false,MoveDown,0.0,50.0,13
60,7,2,4,false,MoveRight,0.0,50.0,13
60,8,3,4,false,MoveUp,0.0,50.0,13
60,9,3,5,false,MoveRight,0.0,50.0,13
60,10,4,5,false,MoveDown,0.0,50.0,13
60,11,4,4,false,MoveRight,0.0,50.0,13
60,12,5,4,false,MoveUp,0.0,50.0,13
60,13,5,5,false,Terminate,0.0,50.0,13
60,14,5,5,true,TERMINAL,50.0,50.0,13
61,1,1,1,false,MoveUp,0.0,20.0,11
61,2,1,2,false,MoveUp,0.0,20.0,11
61,3,1,3,false,MoveUp,0.0,20.0,11
61,4,1,4,false,MoveUp,0.0,20.0,11
61,5,1,5,false,MoveRight,0.0,20.0,11
61,6,2,5,false,MoveRight,0.0,20.0,11
61,7,3,5,false,MoveDown,0.0,20.0,11
61,8,3,4,false,MoveDown,0.0,20.0,11
61,9,3,3,false,MoveLeft,0.0,20.0,11
61,10,2,3,false,MoveUp,0.0,20.0,11
61,11,2,4,false,Terminate,0.0,20.0,11
61,12,2,4,true,TERMINAL,20.0,20.0,11
62,1,1,1,false,MoveUp,0.0,50.0,17
62,2,1,2,false,MoveUp,0.0,50.0,17
62,3,1,3,false,MoveUp,0.0,50.0,17
62,4,1,4,false,MoveUp,0.0,50.0,17
62,5,1,5,false,MoveDown,0.0,50.0,17
62,6,1,4,false,MoveRight,0.0,50.0,17
62,7,2,4,false,MoveUp,0.0,50.0,17
62,8,2,5,false,MoveDown,0.0,50.0,17
62,9,2,4,false,MoveUp,0.0,50.0,17
62,10,2,5,false,MoveRight,0.0,50.0,17
62,11,3,5,false,MoveDown,0.0,50.0,17
62,12,3,4,false,MoveRight,0.0,50.0,17
62,13,4,4,false,MoveUp,0.0,50.0,17
62,14,4,5,false,MoveRight,0.0,50.0,17
62,15,5,5,false,MoveDown,0.0,50.0,17
62,16,5,4,false,MoveUp,0.0,50.0,17
62,17,5,5,false,Terminate,0.0,50.0,17
62,18,5,5,true,TERMINAL,50.0,50.0,17
63,1,1,1,false,MoveUp,0.0,2.0,20
63,2,1,2,false,MoveUp,0.0,2.0,20
63,3,1,3,false,MoveUp,0.0,2.0,20
63,4,1,4,false,MoveUp,0.0,2.0,20
63,5,1,5,false,MoveRight,0.0,2.0,20
63,6,2,5,false,MoveRight,0.0,2.0,20
63,7,3,5,false,MoveDown,0.0,2.0,20
63,8,3,4,false,MoveDown,0.0,2.0,20
63,9,3,3,false,MoveDown,0.0,2.0,20
63,10,3,2,false,MoveRight,0.0,2.0,20
63,11,4,2,false,MoveUp,0.0,2.0,20
63,12,4,3,false,MoveUp,0.0,2.0,20
63,13,4,4,false,MoveUp,0.0,2.0,20
63,14,4,5,false,MoveDown,0.0,2.0,20
63,15,4,4,false,MoveUp,0.0,2.0,20
63,16,4,5,false,MoveRight,0.0,2.0,20
63,17,5,5,false,MoveDown,0.0,2.0,20
63,18,5,4,false,MoveDown,0.0,2.0,20
63,19,5,3,false,MoveDown,0.0,2.0,20
63,20,5,2,false,Terminate,0.0,2.0,20
63,21,5,2,true,TERMINAL,2.0,2.0,20
64,1,1,1,false,MoveUp,0.0,2.0,18
64,2,1,2,false,MoveUp,0.0,2.0,18
64,3,1,3,false,MoveUp,0.0,2.0,18
64,4,1,4,false,MoveUp,0.0,2.0,18
64,5,1,5,false,MoveRight,0.0,2.0,18
64,6,2,5,false,MoveRight,0.0,2.0,18
64,7,3,5,false,MoveDown,0.0,2.0,18
64,8,3,4,false,MoveRight,0.0,2.0,18
64,9,4,4,false,MoveUp,0.0,2.0,18
64,10,4,5,false,MoveRight,0.0,2.0,18
64,11,5,5,false,MoveDown,0.0,2.0,18
64,12,5,4,false,MoveDown,0.0,2.0,18
64,13,5,3,false,MoveUp,0.0,2.0,18
64,14,5,4,false,MoveLeft,0.0,2.0,18
64,15,4,4,false,MoveUp,0.0,2.0,18
64,16,4,5,false,MoveDown,0.0,2.0,18
64,17,4,4,false,MoveRight,0.0,2.0,18
64,18,5,4,false,Terminate,0.0,2.0,18
64,19,5,4,true,TERMINAL,2.0,2.0,18
65,1,1,1,false,MoveUp,0.0,2.0,18
65,2,1,2,false,MoveUp,0.0,2.0,18
65,3,1,3,false,MoveUp,0.0,2.0,18
65,4,1,4,false,MoveUp,0.0,2.0,18
65,5,1,5,false,MoveRight,0.0,2.0,18
65,6,2,5,false,MoveDown,0.0,2.0,18
65,7,2,4,false,MoveRight,0.0,2.0,18
65,8,3,4,false,MoveUp,0.0,2.0,18
65,9,3,5,false,MoveRight,0.0,2.0,18
65,10,4,5,false,MoveDown,0.0,2.0,18
65,11,4,4,false,MoveDown,0.0,2.0,18
65,12,4,3,false,MoveDown,0.0,2.0,18
65,13,4,2,false,MoveLeft,0.0,2.0,18
65,14,3,2,false,MoveUp,0.0,2.0,18
65,15,3,3,false,MoveLeft,0.0,2.0,18
65,16,2,3,false,MoveDown,0.0,2.0,18
65,17,2,2,false,MoveUp,0.0,2.0,18
65,18,2,3,false,Terminate,0.0,2.0,18
65,19,2,3,true,TERMINAL,2.0,2.0,18
66,1,1,1,false,MoveUp,0.0,2.0,12
66,2,1,2,false,MoveUp,0.0,2.0,12
66,3,1,3,false,MoveUp,0.0,2.0,12
66,4,1,4,false,MoveUp,0.0,2.0,12
66,5,1,5,false,MoveRight,0.0,2.0,12
66,6,2,5,false,MoveRight,0.0,2.0,12
66,7,3,5,false,MoveRight,0.0,2.0,12
66,8,4,5,false,MoveDown,0.0,2.0,12
66,9,4,4,false,MoveDown,0.0,2.0,12
66,10,4,3,false,MoveDown,0.0,2.0,12
66,11,4,2,false,MoveDown,0.0,2.0,12
66,12,4,1,false,Terminate,0.0,2.0,12
66,13,4,1,true,TERMINAL,2.0,2.0,12
67,1,1,1,false,MoveUp,0.0,50.0,21
67,2,1,2,false,MoveUp,0.0,50.0,21
67,3,1,3,false,MoveUp,0.0,50.0,21
67,4,1,4,false,MoveUp,0.0,50.0,21
67,5,1,5,false,MoveRight,0.0,50.0,21
67,6,2,5,false,MoveDown,0.0,50.0,21
67,7,2,4,false,MoveUp,0.0,50.0,21
67,8,2,5,false,MoveRight,0.0,50.0,21
67,9,3,5,false,MoveDown,0.0,50.0,21
67,10,3,4,false,MoveDown,0.0,50.0,21
67,11,3,3,false,MoveDown,0.0,50.0,21
67,12,3,2,false,MoveDown,0.0,50.0,21
67,13,3,1,false,MoveRight,0.0,50.0,21
67,14,4,1,false,MoveUp,0.0,50.0,21
67,15,4,2,false,MoveUp,0.0,50.0,21
67,16,4,3,false,MoveUp,0.0,50.0,21
67,17,4,4,false,MoveUp,0.0,50.0,21
67,18,4,5,false,MoveRight,0.0,50.0,21
67,19,5,5,false,MoveDown,0.0,50.0,21
67,20,5,4,false,MoveUp,0.0,50.0,21
67,21,5,5,false,Terminate,0.0,50.0,21
67,22,5,5,true,TERMINAL,50.0,50.0,21
68,1,1,1,false,MoveUp,0.0,2.0,14
68,2,1,2,false,MoveUp,0.0,2.0,14
68,3,1,3,false,MoveUp,0.0,2.0,14
68,4,1,4,false,MoveUp,0.0,2.0,14
68,5,1,5,false,MoveDown,0.0,2.0,14
68,6,1,4,false,MoveUp,0.0,2.0,14
68,7,1,5,false,MoveRight,0.0,2.0,14
68,8,2,5,false,MoveRight,0.0,2.0,14
68,9,3,5,false,MoveDown,0.0,2.0,14
68,10,3,4,false,MoveRight,0.0,2.0,14
68,11,4,4,false,MoveUp,0.0,2.0,14
68,12,4,5,false,MoveRight,0.0,2.0,14
68,13,5,5,false,MoveDown,0.0,2.0,14
68,14,5,4,false,Terminate,0.0,2.0,14
68,15,5,4,true,TERMINAL,2.0,2.0,14
69,1,1,1,false,MoveUp,0.0,2.0,8
69,2,1,2,false,MoveUp,0.0,2.0,8
69,3,1,3,false,MoveUp,0.0,2.0,8
69,4,1,4,false,MoveUp,0.0,2.0,8
69,5,1,5,false,MoveRight,0.0,2.0,8
69,6,2,5,false,MoveDown,0.0,2.0,8
69,7,2,4,false,MoveLeft,0.0,2.0,8
69,8,1,4,false,Terminate,0.0,2.0,8
69,9,1,4,true,TERMINAL,2.0,2.0,8
70,1,1,1,false,MoveUp,0.0,2.0,14
70,2,1,2,false,MoveUp,0.0,2.0,14
70,3,1,3,false,MoveUp,0.0,2.0,14
70,4,1,4,false,MoveUp,0.0,2.0,14
70,5,1,5,false,MoveDown,0.0,2.0,14
70,6,1,4,false,MoveDown,0.0,2.0,14
70,7,1,3,false,MoveRight,0.0,2.0,14
70,8,2,3,false,MoveUp,0.0,2.0,14
70,9,2,4,false,MoveUp,0.0,2.0,14
70,10,2,5,false,MoveRight,0.0,2.0,14
70,11,3,5,false,MoveDown,0.0,2.0,14
70,12,3,4,false,MoveRight,0.0,2.0,14
70,13,4,4,false,MoveUp,0.0,2.0,14
70,14,4,5,false,Terminate,0.0,2.0,14
70,15,4,5,true,TERMINAL,2.0,2.0,14
71,1,1,1,false,MoveUp,0.0,30.0,19
71,2,1,2,false,MoveUp,0.0,30.0,19
71,3,1,3,false,MoveUp,0.0,30.0,19
71,4,1,4,false,MoveUp,0.0,30.0,19
71,5,1,5,false,MoveRight,0.0,30.0,19
71,6,2,5,false,MoveRight,0.0,30.0,19
71,7,3,5,false,MoveDown,0.0,30.0,19
71,8,3,4,false,MoveUp,0.0,30.0,19
71,9,3,5,false,MoveRight,0.0,30.0,19
71,10,4,5,false,MoveRight,0.0,30.0,19
71,11,5,5,false,MoveLeft,0.0,30.0,19
71,12,4,5,false,MoveDown,0.0,30.0,19
71,13,4,4,false,MoveDown,0.0,30.0,19
71,14,4,3,false,MoveDown,0.0,30.0,19
71,15,4,2,false,MoveDown,0.0,30.0,19
71,16,4,1,false,MoveLeft,0.0,30.0,19
71,17,3,1,false,MoveUp,0.0,30.0,19
71,18,3,2,false,MoveUp,0.0,30.0,19
71,19,3,3,false,Terminate,0.0,30.0,19
71,20,3,3,true,TERMINAL,30.0,30.0,19
72,1,1,1,false,MoveUp,0.0,2.0,20
72,2,1,2,false,MoveUp,0.0,2.0,20
72,3,1,3,false,MoveUp,0.0,2.0,20
72,4,1,4,false,MoveUp,0.0,2.0,20
72,5,1,5,false,MoveRight,0.0,2.0,20
72,6,2,5,false,MoveDown,0.0,2.0,20
72,7,2,4,false,MoveDown,0.0,2.0,20
72,8,2,3,false,MoveDown,0.0,2.0,20
72,9,2,2,false,MoveDown,0.0,2.0,20
72,10,2,1,false,MoveRight,0.0,2.0,20
72,11,3,1,false,MoveUp,0.0,2.0,20
72,12,3,2,false,MoveUp,0.0,2.0,20
72,13,3,3,false,MoveUp,0.0,2.0,20
72,14,3,4,false,MoveUp,0.0,2.0,20
72,15,3,5,false,MoveRight,0.0,2.0,20
72,16,4,5,false,MoveDown,0.0,2.0,20
72,17,4,4,false,MoveDown,0.0,2.0,20
72,18,4,3,false,MoveDown,0.0,2.0,20
72,19,4,2,false,MoveDown,0.0,2.0,20
72,20,4,1,false,Terminate,0.0,2.0,20
72,21,4,1,true,TERMINAL,2.0,2.0,20
73,1,1,1,false,MoveUp,0.0,1.0,10
73,2,1,2,false,MoveUp,0.0,1.0,10
73,3,1,3,false,MoveUp,0.0,1.0,10
73,4,1,4,false,MoveUp,0.0,1.0,10
73,5,1,5,false,MoveRight,0.0,1.0,10
73,6,2,5,false,MoveDown,0.0,1.0,10
73,7,2,4,false,MoveDown,0.0,1.0,10
73,8,2,3,false,MoveDown,0.0,1.0,10
73,9,2,2,false,MoveLeft,0.0,1.0,10
73,10,1,2,false,Terminate,0.0,1.0,10
73,11,1,2,true,TERMINAL,1.0,1.0,10
74,1,1,1,false,MoveUp,0.0,2.0,12
74,2,1,2,false,MoveUp,0.0,2.0,12
74,3,1,3,false,MoveUp,0.0,2.0,12
74,4,1,4,false,MoveUp,0.0,2.0,12
74,5,1,5,false,MoveRight,0.0,2.0,12
74,6,2,5,false,MoveDown,0.0,2.0,12
74,7,2,4,false,MoveDown,0.0,2.0,12
74,8,2,3,false,MoveUp,0.0,2.0,12
74,9,2,4,false,MoveRight,0.0,2.0,12
74,10,3,4,false,MoveUp,0.0,2.0,12
74,11,3,5,false,MoveDown,0.0,2.0,12
74,12,3,4,false,Terminate,0.0,2.0,12
74,13,3,4,true,TERMINAL,2.0,2.0,12
75,1,1,1,false,MoveUp,0.0,2.0,13
75,2,1,2,false,MoveUp,0.0,2.0,13
75,3,1,3,false,MoveUp,0.0,2.0,13
75,4,1,4,false,MoveUp,0.0,2.0,13
75,5,1,5,false,MoveRight,0.0,2.0,13
75,6,2,5,false,MoveDown,0.0,2.0,13
75,7,2,4,false,MoveDown,0.0,2.0,13
75,8,2,3,false,MoveUp,0.0,2.0,13
75,9,2,4,false,MoveRight,0.0,2.0,13
75,10,3,4,false,MoveUp,0.0,2.0,13
75,11,3,5,false,MoveRight,0.0,2.0,13
75,12,4,5,false,MoveDown,0.0,2.0,13
75,13,4,4,false,Terminate,0.0,2.0,13
75,14,4,4,true,TERMINAL,2.0,2.0,13
76,1,1,1,false,MoveUp,0.0,2.0,8
76,2,1,2,false,MoveUp,0.0,2.0,8
76,3,1,3,false,MoveUp,0.0,2.0,8
76,4,1,4,false,MoveUp,0.0,2.0,8
76,5,1,5,false,MoveRight,0.0,2.0,8
76,6,2,5,false,MoveRight,0.0,2.0,8
76,7,3,5,false,MoveRight,0.0,2.0,8
76,8,4,5,false,Terminate,0.0,2.0,8
76,9,4,5,true,TERMINAL,2.0,2.0,8
77,1,1,1,false,MoveUp,0.0,2.0,6
77,2,1,2,false,MoveUp,0.0,2.0,6
77,3,1,3,false,MoveUp,0.0,2.0,6
77,4,1,4,false,MoveUp,0.0,2.0,6
77,5,1,5,false,MoveRight,0.0,2.0,6
77,6,2,5,false,Terminate,0.0,2.0,6
77,7,2,5,true,TERMINAL,2.0,2.0,6
78,1,1,1,false,MoveUp,0.0,2.0,27
78,2,1,2,false,MoveUp,0.0,2.0,27
78,3,1,3,false,MoveUp,0.0,2.0,27
78,4,1,4,false,MoveUp,0.0,2.0,27
78,5,1,5,false,MoveRight,0.0,2.0,27
78,6,2,5,false,MoveDown,0.0,2.0,27
78,7,2,4,false,MoveUp,0.0,2.0,27
78,8,2,5,false,MoveLeft,0.0,2.0,27
78,9,1,5,false,MoveDown,0.0,2.0,27
78,10,1,4,false,MoveRight,0.0,2.0,27
78,11,2,4,false,MoveDown,0.0,2.0,27
78,12,2,3,false,MoveDown,0.0,2.0,27
78,13,2,2,false,MoveDown,0.0,2.0,27
78,14,2,1,false,MoveRight,0.0,2.0,27
78,15,3,1,false,MoveUp,0.0,2.0,27
78,16,3,2,false,MoveUp,0.0,2.0,27
78,17,3,3,false,MoveUp,0.0,2.0,27
78,18,3,4,false,MoveUp,0.0,2.0,27
78,19,3,5,false,MoveRight,0.0,2.0,27
78,20,4,5,false,MoveDown,0.0,2.0,27
78,21,4,4,false,MoveRight,0.0,2.0,27
78,22,5,4,false,MoveUp,0.0,2.0,27
78,23,5,5,false,MoveLeft,0.0,2.0,27
78,24,4,5,false,MoveDown,0.0,2.0,27
78,25,4,4,false,MoveDown,0.0,2.0,27
78,26,4,3,false,MoveUp,0.0,2.0,27
78,27,4,4,false,Terminate,0.0,2.0,27
78,28,4,4,true,TERMINAL,2.0,2.0,27
79,1,1,1,false,MoveUp,0.0,2.0,14
79,2,1,2,false,MoveUp,0.0,2.0,14
79,3,1,3,false,MoveUp,0.0,2.0,14
79,4,1,4,false,MoveUp,0.0,2.0,14
79,5,1,5,false,MoveRight,0.0,2.0,14
79,6,2,5,false,MoveRight,0.0,2.0,14
79,7,3,5,false,MoveDown,0.0,2.0,14
79,8,3,4,false,MoveUp,0.0,2.0,14
79,9,3,5,false,MoveDown,0.0,2.0,14
79,10,3,4,false,MoveUp,0.0,2.0,14
79,11,3,5,false,MoveRight,0.0,2.0,14
79,12,4,5,false,MoveRight,0.0,2.0,14
79,13,5,5,false,MoveDown,0.0,2.0,14
79,14,5,4,false,Terminate,0.0,2.0,14
79,15,5,4,true,TERMINAL,2.0,2.0,14
80,1,1,1,false,MoveUp,0.0,2.0,27
80,2,1,2,false,MoveUp,0.0,2.0,27
80,3,1,3,false,MoveUp,0.0,2.0,27
80,4,1,4,false,MoveUp,0.0,2.0,27
80,5,1,5,false,MoveDown,0.0,2.0,27
80,6,1,4,false,MoveDown,0.0,2.0,27
80,7,1,3,false,MoveDown,0.0,2.0,27
80,8,1,2,false,MoveRight,0.0,2.0,27
80,9,2,2,false,MoveUp,0.0,2.0,27
80,10,2,3,false,MoveUp,0.0,2.0,27
80,11,2,4,false,MoveUp,0.0,2.0,27
80,12,2,5,false,MoveRight,0.0,2.0,27
80,13,3,5,false,MoveDown,0.0,2.0,27
80,14,3,4,false,MoveDown,0.0,2.0,27
80,15,3,3,false,MoveDown,0.0,2.0,27
80,16,3,2,false,MoveDown,0.0,2.0,27
80,17,3,1,false,MoveUp,0.0,2.0,27
80,18,3,2,false,MoveRight,0.0,2.0,27
80,19,4,2,false,MoveUp,0.0,2.0,27
80,20,4,3,false,MoveUp,0.0,2.0,27
80,21,4,4,false,MoveUp,0.0,2.0,27
80,22,4,5,false,MoveRight,0.0,2.0,27
80,23,5,5,false,MoveDown,0.0,2.0,27
80,24,5,4,false,MoveDown,0.0,2.0,27
80,25,5,3,false,MoveDown,0.0,2.0,27
80,26,5,2,false,MoveUp,0.0,2.0,27
80,27,5,3,false,Terminate,0.0,2.0,27
80,28,5,3,true,TERMINAL,2.0,2.0,27
81,1,1,1,false,MoveUp,0.0,2.0,6
81,2,1,2,false,MoveUp,0.0,2.0,6
81,3,1,3,false,MoveUp,0.0,2.0,6
81,4,1,4,false,MoveUp,0.0,2.0,6
81,5,1,5,false,MoveRight,0.0,2.0,6
81,6,2,5,false,Terminate,0.0,2.0,6
81,7,2,5,true,TERMINAL,2.0,2.0,6
82,1,1,1,false,MoveUp,0.0,50.0,13
82,2,1,2,false,MoveUp,0.0,50.0,13
82,3,1,3,false,MoveUp,0.0,50.0,13
82,4,1,4,false,MoveUp,0.0,50.0,13
82,5,1,5,false,MoveRight,0.0,50.0,13
82,6,2,5,false,MoveRight,0.0,50.0,13
82,7,3,5,false,MoveRight,0.0,50.0,13
82,8,4,5,false,MoveDown,0.0,50.0,13
82,9,4,4,false,MoveRight,0.0,50.0,13
82,10,5,4,false,MoveUp,0.0,50.0,13
82,11,5,5,false,MoveDown,0.0,50.0,13
82,12,5,4,false,MoveUp,0.0,50.0,13
82,13,5,5,false,Terminate,0.0,50.0,13
82,14,5,5,true,TERMINAL,50.0,50.0,13
83,1,1,1,false,MoveUp,0.0,2.0,16
83,2,1,2,false,MoveUp,0.0,2.0,16
83,3,1,3,false,MoveUp,0.0,2.0,16
83,4,1,4,false,MoveUp,0.0,2.0,16
83,5,1,5,false,MoveRight,0.0,2.0,16
83,6,2,5,false,MoveDown,0.0,2.0,16
83,7,2,4,false,MoveUp,0.0,2.0,16
83,8,2,5,false,MoveRight,0.0,2.0,16
83,9,3,5,false,MoveRight,0.0,2.0,16
83,10,4,5,false,MoveDown,0.0,2.0,16
83,11,4,4,false,MoveLeft,0.0,2.0,16
83,12,3,4,false,MoveDown,0.0,2.0,16
83,13,3,3,false,MoveDown,0.0,2.0,16
83,14,3,2,false,MoveLeft,0.0,2.0,16
83,15,2,2,false,MoveUp,0.0,2.0,16
83,16,2,3,false,Terminate,0.0,2.0,16
83,17,2,3,true,TERMINAL,2.0,2.0,16
84,1,1,1,false,MoveUp,0.0,1.0,11
84,2,1,2,false,MoveUp,0.0,1.0,11
84,3,1,3,false,MoveUp,0.0,1.0,11
84,4,1,4,false,MoveUp,0.0,1.0,11
84,5,1,5,false,MoveRight,0.0,1.0,11
84,6,2,5,false,MoveDown,0.0,1.0,11
84,7,2,4,false,MoveDown,0.0,1.0,11
84,8,2,3,false,MoveDown,0.0,1.0,11
84,9,2,2,false,MoveDown,0.0,1.0,11
84,10,2,1,false,MoveUp,0.0,1.0,11
84,11,2,2,false,Terminate,0.0,1.0,11
84,12,2,2,true,TERMINAL,1.0,1.0,11
85,1,1,1,false,MoveUp,0.0,2.0,15
85,2,1,2,false,MoveUp,0.0,2.0,15
85,3,1,3,false,MoveUp,0.0,2.0,15
85,4,1,4,false,MoveUp,0.0,2.0,15
85,5,1,5,false,MoveRight,0.0,2.0,15
85,6,2,5,false,MoveDown,0.0,2.0,15
85,7,2,4,false,MoveUp,0.0,2.0,15
85,8,2,5,false,MoveRight,0.0,2.0,15
85,9,3,5,false,MoveDown,0.0,2.0,15
85,10,3,4,false,MoveDown,0.0,2.0,15
85,11,3,3,false,MoveUp,0.0,2.0,15
85,12,3,4,false,MoveRight,0.0,2.0,15
85,13,4,4,false,MoveUp,0.0,2.0,15
85,14,4,5,false,MoveLeft,0.0,2.0,15
85,15,3,5,false,Terminate,0.0,2.0,15
85,16,3,5,true,TERMINAL,2.0,2.0,15
86,1,1,1,false,MoveUp,0.0,2.0,16
86,2,1,2,false,MoveUp,0.0,2.0,16
86,3,1,3,false,MoveUp,0.0,2.0,16
86,4,1,4,false,MoveUp,0.0,2.0,16
86,5,1,5,false,MoveRight,0.0,2.0,16
86,6,2,5,false,MoveDown,0.0,2.0,16
86,7,2,4,false,MoveDown,0.0,2.0,16
86,8,2,3,false,MoveRight,0.0,2.0,16
86,9,3,3,false,MoveUp,0.0,2.0,16
86,10,3,4,false,MoveUp,0.0,2.0,16
86,11,3,5,false,MoveRight,0.0,2.0,16
86,12,4,5,false,MoveRight,0.0,2.0,16
86,13,5,5,false,MoveDown,0.0,2.0,16
86,14,5,4,false,MoveLeft,0.0,2.0,16
86,15,4,4,false,MoveUp,0.0,2.0,16
86,16,4,5,false,Terminate,0.0,2.0,16
86,17,4,5,true,TERMINAL,2.0,2.0,16
87,1,1,1,false,MoveUp,0.0,50.0,15
87,2,1,2,false,MoveUp,0.0,50.0,15
87,3,1,3,false,MoveUp,0.0,50.0,15
87,4,1,4,false,MoveUp,0.0,50.0,15
87,5,1,5,false,MoveRight,0.0,50.0,15
87,6,2,5,false,MoveRight,0.0,50.0,15
87,7,3,5,false,MoveDown,0.0,50.0,15
87,8,3,4,false,MoveDown,0.0,50.0,15
87,9,3,3,false,MoveRight,0.0,50.0,15
87,10,4,3,false,MoveUp,0.0,50.0,15
87,11,4,4,false,MoveUp,0.0,50.0,15
87,12,4,5,false,MoveRight,0.0,50.0,15
87,13,5,5,false,MoveDown,0.0,50.0,15
87,14,5,4,false,MoveUp,0.0,50.0,15
87,15,5,5,false,Terminate,0.0,50.0,15
87,16,5,5,true,TERMINAL,50.0,50.0,15
88,1,1,1,false,MoveUp,0.0,2.0,12
88,2,1,2,false,MoveUp,0.0,2.0,12
88,3,1,3,false,MoveUp,0.0,2.0,12
88,4,1,4,false,MoveUp,0.0,2.0,12
88,5,1,5,false,MoveRight,0.0,2.0,12
88,6,2,5,false,MoveRight,0.0,2.0,12
88,7,3,5,false,MoveDown,0.0,2.0,12
88,8,3,4,false,MoveLeft,0.0,2.0,12
88,9,2,4,false,MoveDown,0.0,2.0,12
88,10,2,3,false,MoveDown,0.0,2.0,12
88,11,2,2,false,MoveUp,0.0,2.0,12
88,12,2,3,false,Terminate,0.0,2.0,12
88,13,2,3,true,TERMINAL,2.0,2.0,12
89,1,1,1,false,MoveUp,0.0,2.0,20
89,2,1,2,false,MoveUp,0.0,2.0,20
89,3,1,3,false,MoveUp,0.0,2.0,20
89,4,1,4,false,MoveUp,0.0,2.0,20
89,5,1,5,false,MoveRight,0.0,2.0,20
89,6,2,5,false,MoveDown,0.0,2.0,20
89,7,2,4,false,MoveRight,0.0,2.0,20
89,8,3,4,false,MoveUp,0.0,2.0,20
89,9,3,5,false,MoveRight,0.0,2.0,20
89,10,4,5,false,MoveRight,0.0,2.0,20
89,11,5,5,false,MoveDown,0.0,2.0,20
89,12,5,4,false,MoveDown,0.0,2.0,20
89,13,5,3,false,MoveDown,0.0,2.0,20
89,14,5,2,false,MoveDown,0.0,2.0,20
89,15,5,1,false,MoveLeft,0.0,2.0,20
89,16,4,1,false,MoveUp,0.0,2.0,20
89,17,4,2,false,MoveUp,0.0,2.0,20
89,18,4,3,false,MoveUp,0.0,2.0,20
89,19,4,4,false,MoveUp,0.0,2.0,20
89,20,4,5,false,Terminate,0.0,2.0,20
89,21,4,5,true,TERMINAL,2.0,2.0,20
90,1,1,1,false,MoveUp,0.0,20.0,7
90,2,1,2,false,MoveUp,0.0,20.0,7
90,3,1,3,false,MoveUp,0.0,20.0,7
90,4,1,4,false,MoveUp,0.0,20.0,7
90,5,1,5,false,MoveRight,0.0,20.0,7
90,6,2,5,false,MoveDown,0.0,20.0,7
90,7,2,4,false,Terminate,0.0,20.0,7
90,8,2,4,true,TERMINAL,20.0,20.0,7
91,1,1,1,false,MoveUp,0.0,2.0,27
91,2,1,2,false,MoveUp,0.0,2.0,27
91,3,1,3,false,MoveUp,0.0,2.0,27
91,4,1,4,false,MoveUp,0.0,2.0,27
91,5,1,5,false,MoveRight,0.0,2.0,27
91,6,2,5,false,MoveDown,0.0,2.0,27
91,7,2,4,false,MoveRight,0.0,2.0,27
91,8,3,4,false,MoveUp,0.0,2.0,27
91,9,3,5,false,MoveRight,0.0,2.0,27
91,10,4,5,false,MoveDown,0.0,2.0,27
91,11,4,4,false,MoveDown,0.0,2.0,27
91,12,4,3,false,MoveDown,0.0,2.0,27
91,13,4,2,false,MoveUp,0.0,2.0,27
91,14,4,3,false,MoveUp,0.0,2.0,27
91,15,4,4,false,MoveUp,0.0,2.0,27
91,16,4,5,false,MoveRight,0.0,2.0,27
91,17,5,5,false,MoveDown,0.0,2.0,27
91,18,5,4,false,MoveDown,0.0,2.0,27
91,19,5,3,false,MoveDown,0.0,2.0,27
91,20,5,2,false,MoveDown,0.0,2.0,27
91,21,5,1,false,MoveLeft,0.0,2.0,27
91,22,4,1,false,MoveLeft,0.0,2.0,27
91,23,3,1,false,MoveUp,0.0,2.0,27
91,24,3,2,false,MoveUp,0.0,2.0,27
91,25,3,3,false,MoveUp,0.0,2.0,27
91,26,3,4,false,MoveRight,0.0,2.0,27
91,27,4,4,false,Terminate,0.0,2.0,27
91,28,4,4,true,TERMINAL,2.0,2.0,27
92,1,1,1,false,MoveUp,0.0,2.0,16
92,2,1,2,false,MoveUp,0.0,2.0,16
92,3,1,3,false,MoveUp,0.0,2.0,16
92,4,1,4,false,MoveUp,0.0,2.0,16
92,5,1,5,false,MoveDown,0.0,2.0,16
92,6,1,4,false,MoveRight,0.0,2.0,16
92,7,2,4,false,MoveUp,0.0,2.0,16
92,8,2,5,false,MoveRight,0.0,2.0,16
92,9,3,5,false,MoveDown,0.0,2.0,16
92,10,3,4,false,MoveDown,0.0,2.0,16
92,11,3,3,false,MoveUp,0.0,2.0,16
92,12,3,4,false,MoveRight,0.0,2.0,16
92,13,4,4,false,MoveUp,0.0,2.0,16
92,14,4,5,false,MoveRight,0.0,2.0,16
92,15,5,5,false,MoveLeft,0.0,2.0,16
92,16,4,5,false,Terminate,0.0,2.0,16
92,17,4,5,true,TERMINAL,2.0,2.0,16
93,1,1,1,false,MoveUp,0.0,2.0,16
93,2,1,2,false,MoveUp,0.0,2.0,16
93,3,1,3,false,MoveUp,0.0,2.0,16
93,4,1,4,false,MoveUp,0.0,2.0,16
93,5,1,5,false,MoveRight,0.0,2.0,16
93,6,2,5,false,MoveRight,0.0,2.0,16
93,7,3,5,false,MoveDown,0.0,2.0,16
93,8,3,4,false,MoveUp,0.0,2.0,16
93,9,3,5,false,MoveRight,0.0,2.0,16
93,10,4,5,false,MoveRight,0.0,2.0,16
93,11,5,5,false,MoveDown,0.0,2.0,16
93,12,5,4,false,MoveLeft,0.0,2.0,16
93,13,4,4,false,MoveUp,0.0,2.0,16
93,14,4,5,false,MoveDown,0.0,2.0,16
93,15,4,4,false,MoveUp,0.0,2.0,16
93,16,4,5,false,Terminate,0.0,2.0,16
93,17,4,5,true,TERMINAL,2.0,2.0,16
94,1,1,1,false,MoveUp,0.0,2.0,24
94,2,1,2,false,MoveUp,0.0,2.0,24
94,3,1,3,false,MoveUp,0.0,2.0,24
94,4,1,4,false,MoveUp,0.0,2.0,24
94,5,1,5,false,MoveDown,0.0,2.0,24
94,6,1,4,false,MoveRight,0.0,2.0,24
94,7,2,4,false,MoveUp,0.0,2.0,24
94,8,2,5,false,MoveRight,0.0,2.0,24
94,9,3,5,false,MoveDown,0.0,2.0,24
94,10,3,4,false,MoveDown,0.0,2.0,24
94,11,3,3,false,MoveLeft,0.0,2.0,24
94,12,2,3,false,MoveDown,0.0,2.0,24
94,13,2,2,false,MoveDown,0.0,2.0,24
94,14,2,1,false,MoveRight,0.0,2.0,24
94,15,3,1,false,MoveUp,0.0,2.0,24
94,16,3,2,false,MoveRight,0.0,2.0,24
94,17,4,2,false,MoveUp,0.0,2.0,24
94,18,4,3,false,MoveUp,0.0,2.0,24
94,19,4,4,false,MoveUp,0.0,2.0,24
94,20,4,5,false,MoveRight,0.0,2.0,24
94,21,5,5,false,MoveDown,0.0,2.0,24
94,22,5,4,false,MoveDown,0.0,2.0,24
94,23,5,3,false,MoveLeft,0.0,2.0,24
94,24,4,3,false,Terminate,0.0,2.0,24
94,25,4,3,true,TERMINAL,2.0,2.0,24
95,1,1,1,false,MoveUp,0.0,2.0,17
95,2,1,2,false,MoveUp,0.0,2.0,17
95,3,1,3,false,MoveUp,0.0,2.0,17
95,4,1,4,false,MoveUp,0.0,2.0,17
95,5,1,5,false,MoveDown,0.0,2.0,17
95,6,1,4,false,MoveUp,0.0,2.0,17
95,7,1,5,false,MoveRight,0.0,2.0,17
95,8,2,5,false,MoveDown,0.0,2.0,17
95,9,2,4,false,MoveRight,0.0,2.0,17
95,10,3,4,false,MoveUp,0.0,2.0,17
95,11,3,5,false,MoveRight,0.0,2.0,17
95,12,4,5,false,MoveRight,0.0,2.0,17
95,13,5,5,false,MoveDown,0.0,2.0,17
95,14,5,4,false,MoveDown,0.0,2.0,17
95,15,5,3,false,MoveLeft,0.0,2.0,17
95,16,4,3,false,MoveUp,0.0,2.0,17
95,17,4,4,false,Terminate,0.0,2.0,17
95,18,4,4,true,TERMINAL,2.0,2.0,17
96,1,1,1,false,MoveUp,0.0,50.0,25
96,2,1,2,false,MoveUp,0.0,50.0,25
96,3,1,3,false,MoveUp,0.0,50.0,25
96,4,1,4,false,MoveUp,0.0,50.0,25
96,5,1,5,false,MoveRight,0.0,50.0,25
96,6,2,5,false,MoveDown,0.0,50.0,25
96,7,2,4,false,MoveDown,0.0,50.0,25
96,8,2,3,false,MoveDown,0.0,50.0,25
96,9,2,2,false,MoveDown,0.0,50.0,25
96,10,2,1,false,MoveRight,0.0,50.0,25
96,11,3,1,false,MoveUp,0.0,50.0,25
96,12,3,2,false,MoveUp,0.0,50.0,25
96,13,3,3,false,MoveUp,0.0,50.0,25
96,14,3,4,false,MoveUp,0.0,50.0,25
96,15,3,5,false,MoveRight,0.0,50.0,25
96,16,4,5,false,MoveDown,0.0,50.0,25
96,17,4,4,false,MoveDown,0.0,50.0,25
96,18,4,3,false,MoveDown,0.0,50.0,25
96,19,4,2,false,MoveUp,0.0,50.0,25
96,20,4,3,false,MoveDown,0.0,50.0,25
96,21,4,2,false,MoveUp,0.0,50.0,25
96,22,4,3,false,MoveRight,0.0,50.0,25
96,23,5,3,false,MoveUp,0.0,50.0,25
96,24,5,4,false,MoveUp,0.0,50.0,25
96,25,5,5,false,Terminate,0.0,50.0,25
96,26,5,5,true,TERMINAL,50.0,50.0,25
97,1,1,1,false,MoveUp,0.0,2.0,21
97,2,1,2,false,MoveUp,0.0,2.0,21
97,3,1,3,false,MoveUp,0.0,2.0,21
97,4,1,4,false,MoveUp,0.0,2.0,21
97,5,1,5,false,MoveDown,0.0,2.0,21
97,6,1,4,false,MoveRight,0.0,2.0,21
97,7,2,4,false,MoveUp,0.0,2.0,21
97,8,2,5,false,MoveRight,0.0,2.0,21
97,9,3,5,false,MoveRight,0.0,2.0,21
97,10,4,5,false,MoveRight,0.0,2.0,21
97,11,5,5,false,MoveLeft,0.0,2.0,21
97,12,4,5,false,MoveDown,0.0,2.0,21
97,13,4,4,false,MoveDown,0.0,2.0,21
97,14,4,3,false,MoveDown,0.0,2.0,21
97,15,4,2,false,MoveLeft,0.0,2.0,21
97,16,3,2,false,MoveUp,0.0,2.0,21
97,17,3,3,false,MoveUp,0.0,2.0,21
97,18,3,4,false,MoveLeft,0.0,2.0,21
97,19,2,4,false,MoveUp,0.0,2.0,21
97,20,2,5,false,MoveRight,0.0,2.0,21
97,21,3,5,false,Terminate,0.0,2.0,21
97,22,3,5,true,TERMINAL,2.0,2.0,21
98,1,1,1,false,MoveUp,0.0,30.0,9
98,2,1,2,false,MoveUp,0.0,30.0,9
98,3,1,3,false,MoveUp,0.0,30.0,9
98,4,1,4,false,MoveUp,0.0,30.0,9
98,5,1,5,false,MoveRight,0.0,30.0,9
98,6,2,5,false,MoveRight,0.0,30.0,9
98,7,3,5,false,MoveDown,0.0,30.0,9
98,8,3,4,false,MoveDown,0.0,30.0,9
98,9,3,3,false,Terminate,0.0,30.0,9
98,10,3,3,true,TERMINAL,30.0,30.0,9
99,1,1,1,false,MoveUp,0.0,50.0,17
99,2,1,2,false,MoveUp,0.0,50.0,17
99,3,1,3,false,MoveUp,0.0,50.0,17
99,4,1,4,false,MoveUp,0.0,50.0,17
99,5,1,5,false,MoveRight,0.0,50.0,17
99,6,2,5,false,MoveDown,0.0,50.0,17
99,7,2,4,false,MoveDown,0.0,50.0,17
99,8,2,3,false,MoveDown,0.0,50.0,17
99,9,2,2,false,MoveUp,0.0,50.0,17
99,10,2,3,false,MoveRight,0.0,50.0,17
99,11,3,3,false,MoveUp,0.0,50.0,17
99,12,3,4,false,MoveUp,0.0,50.0,17
99,13,3,5,false,MoveRight,0.0,50.0,17
99,14,4,5,false,MoveDown,0.0,50.0,17
99,15,4,4,false,MoveRight,0.0,50.0,17
99,16,5,4,false,MoveUp,0.0,50.0,17
99,17,5,5,false,Terminate,0.0,50.0,17
99,18,5,5,true,TERMINAL,50.0,50.0,17
100,1,1,1,false,MoveUp,0.0,50.0,17
100,2,1,2,false,MoveUp,0.0,50.0,17
100,3,1,3,false,MoveUp,0.0,50.0,17
100,4,1,4,false,MoveUp,0.0,50.0,17
100,5,1,5,false,MoveRight,0.0,50.0,17
100,6,2,5,false,MoveDown,0.0,50.0,17
100,7,2,4,false,MoveDown,0.0,50.0,17
100,8,2,3,false,MoveDown,0.0,50.0,17
100,9,2,2,false,MoveRight,0.0,50.0,17
100,10,3,2,false,MoveUp,0.0,50.0,17
100,11,3,3,false,MoveUp,0.0,50.0,17
100,12,3,4,false,MoveUp,0.0,50.0,17
100,13,3,5,false,MoveRight,0.0,50.0,17
100,14,4,5,false,MoveRight,0.0,50.0,17
100,15,5,5,false,MoveDown,0.0,50.0,17
100,16,5,4,false,MoveUp,0.0,50.0,17
100,17,5,5,false,Terminate,0.0,50.0,17
100,18,5,5,true,TERMINAL,50.0,50.0,17
