Strategy,Reward,Cost_Efficiency,Exploration,Exploitation,Optimality,Overall_Score
"Strategy 1
(Focused)",0.55,0.55,0.3,0.3333333333333333,0.2,0.3866666666666666
"Strategy 2
(Balanced)",0.55,0.275,0.5,0.6666666666666666,0.3,0.4583333333333333
"Strategy 3
(Exploratory)",0.6,0.12,0.9,0.3333333333333333,0.7,0.5306666666666666
"Strategy 4
(Exploratory)",0.58,0.11599999999999999,0.9,0.3333333333333333,0.7,0.5258666666666667
"Strategy 5
(Exploratory)",0.55,0.11000000000000001,0.9,0.6666666666666666,0.2,0.48533333333333334
